comments,risk,conditions,habitat,simulation,empirical,ps_model,other_model,review,link,DL,PY,AU,SO...14,SO...15,DOI
,,,,,house sparrows,y,,,sci-hub.st/http://dx.doi.org/10.1016/S0003-3472(81)80117-0,http://dx.doi.org/10.1016/S0003-3472(81)80117-0,1981,"Barnard, CJ; Sibly, RM",Animal Behaviour,Producers And Scroungers - A General-Model And Its Application To Captive Flocks Of House Sparrows,10.1016/S0003-3472(81)80117-0
,,,,,pigeons,,,,sci-hub.st/http://dx.doi.org/10.1016/S0003-3472(86)80064-1,http://dx.doi.org/10.1016/S0003-3472(86)80064-1,1986,"Giraldeau LA; Lefebvre, L",Animal Behaviour,Exchangeable Producer And Scrounger Roles In A Captive Flock Of Feral Pigeons - A Case For The Skill Pool Effect,10.1016/S0003-3472(86)80064-1
,,,,,pigeons,,,,https://sci-hub.st/10.1016/S0003-3472(87)80262-2,,1987,"Giraldeau LA; Lefebvre, L",Animal Behaviour,Scrounging Prevents Cultural Transmission Of Food-Finding Behavior In Pigeons,10.1016/S0003-3472(87)80262-2
,,,,,curlews,,,,https://sci-hub.st/10.1016/S0003-3472(05)80866-8,,1990,Ens B J; Esselink P; Zwarts L,Animal Behaviour,Kleptoparasitism As A Problem Of Prey Choice A Study On Mudflat-Feeding Curlews Numenius-Arquata,10.1016/S0003-3472(05)80866-8
finder's share,,,,,"spice finches, zebra finches",,,,https://sci-hub.st/10.1111/j.1439-0310.1990.tb00393.x,,1990,"Giraldeau, L.‐A., Hogan, J.A., Clinchy, M.J.",Ethology,The Payoffs To Producing And Scrounging: What Happens When Patches Are Divisible?,10.1111/j.1439-0310.1990.tb00393.x
,,,,,,y,,,sci-hub.st/http://dx.doi.org/10.1086/285197,http://dx.doi.org/10.1086/285197,1991,"Vickery, WL; Giraldea, LA; Templeton, JJ; Kramer, DL; Chapman, CA",American Naturalist,"Producers, Scroungers, And Group Foraging",10.1086/285197
stochastic models,,,,,,y,,,https://sci-hub.st/10.1016/S0022-5193(05)80156-0,,1991,Caraco T; Giraldeau L-A,Journal Of Theoretical Biology,Social Foraging Producing And Scrounging In A Stochastic Environment,10.1016/S0022-5193(05)80156-0
,,,,,,,information sharing,,sci-hub.st/http://dx.doi.org/10.1086/285528,http://dx.doi.org/10.1086/285528,1993,"Ranta, E; Riita, H; Lindstrom, K",American Naturalist,Competition Versus Cooperation - Success Of Individuals Foraging Alone And In Groups,10.1086/285528
,,,,,,,information sharing,,sci-hub.st/http://dx.doi.org/10.1006/anbe.1993.1290,http://dx.doi.org/10.1006/anbe.1993.1290,1993,"Ranta, E",Animal Behaviour,There Is No Optimal Foraging Group-Size,10.1006/anbe.1993.1290
,,,,,spice finches,,,,https://sci-hub.st/10.1007/BF00183475,,1994,"Giraldeau, L.-A., Soos, C., Beauchamp, G.",Behavioral Ecology And Sociobiology,"A Test Of The Producer-Scrounger Foraging Game In Captive Flocks Of Spice Finches, Loncbura Punctulata",10.1007/BF00183475
,,,,,,n,,,sci-hub.st/http://dx.doi.org/10.1126/science.7652573,http://dx.doi.org/10.1126/science.7652573,1995,"Heinsohn, R; Packer, C",Science,Complex Cooperative Strategies In Group-Territorial African Lions,10.1126/science.7652573
,,,,y,,,,,https://www.journals.uchicago.edu/doi/pdf/10.1086/285951?casa_token=EM4s2Owy7KoAAAAA:ItsFyoqxVewexSvGJMzyD-j5AOqQv2BRF4OveL52mlliV7Dwk3a3hDd0eIW6iYar8mECLNceZJSqQQ,http://dx.doi.org/10.1086/285951,1996,"Beauchamp, G; Giraldeau, LA",American Naturalist,Group Foraging Revisited: Information Sharing Or Producer-Scrounger Game?,10.1086/285951
,,,,,,y,,,sci-hub.st/http://dx.doi.org/10.1006/anbe.1996.0014,http://dx.doi.org/10.1006/anbe.1996.0014,1996,"Ranta, E; Peuhkuri, N; Laurila, A; Rita, H; Metcalfe, NB",Animal Behaviour,"Producers, Scroungers And Foraging Group Structure",10.1006/anbe.1996.0014
food density,,,,,starlings,,,,sci-hub.st/http://dx.doi.org/10.1006/anbe.1996.0082,http://dx.doi.org/10.1006/anbe.1996.0082,1996,"Koops, MA; Giraldeau, LA",Animal Behaviour,Producer-Scrounger Foraging Games In Starlings: A Test Of Rate-Maximizing And Risk-Sensitive Models,10.1006/anbe.1996.0082
,,,,,spice finches,,,,sci-hub.st/http://dx.doi.org/10.1093/beheco/8.1.54,http://dx.doi.org/10.1093/beheco/8.1.54,1997,"Beauchamp, G; Giraldeau, LA",Behavioral Ecology,Patch Exploitation In A Producer-Scrounger System: Test Of A Hypothesis Using Flocks Of Spice Finches (Lonchura Punctulata),10.1093/beheco/8.1.54
,,,,,,y,,,sci-hub.st/http://dx.doi.org/10.1007/s002650050313,http://dx.doi.org/10.1007/s002650050313,1997,"Rita, H; Ranta, E; Peuhkuri, N",Behavioral Ecology And Sociobiology,"Group Foraging, Patch Exploitation Time And The Finder'S Advantage",10.1007/s002650050313
,,,,,,n,,,sci-hub.st/http://dx.doi.org/10.1016/S0376-6357(97)00022-3,http://dx.doi.org/10.1016/S0376-6357(97)00022-3,1997,"Hatch, KK; Lefebvre, L",Behavioural Processes,Does Father Know Best? Social Learning From Kin And Non-Kin In Juvenile Ringdoves,10.1016/S0376-6357(97)00022-3
,,,,,pigeons,,,,sci-hub.st/http://dx.doi.org/10.1016/S0376-6357(97)00783-3,http://dx.doi.org/10.1016/S0376-6357(97)00783-3,1997,"Lefebvre, L; Helder, R",Behavioural Processes,Scrounger Numbers And The Inhibition Of Social Learning In Pigeons,10.1016/S0376-6357(97)00783-3
"learning, depletion",,,,,,y,,,sci-hub.st/http://dx.doi.org/10.2307/5920,http://dx.doi.org/10.2307/5920,1997,"Beauchamp, G; Belisle, M; Giraldeau, LA",Journal Of Animal Ecology,Influence Of Conspecific Attraction On The Spatial Distribution Of Learning Foragers In A Patchy Habitat,10.2307/5920
,,,,y,,,,,sci-hub.st/http://dx.doi.org/10.1098/rspb.1997.0170,http://dx.doi.org/10.1098/rspb.1997.0170,1997,"Barta, Z; Flynn, R; Giraldeau, LA",Proceedings Of The Royal Society B-Biological Sciences,Geometry For A Selfish Foraging Group: A Genetic Algorithm Approach,10.1098/rspb.1997.0170
RISK,y,,,,,y,,,sci-hub.st/http://dx.doi.org/10.1006/anbe.1997.0649,http://dx.doi.org/10.1006/anbe.1997.0649,1998,"Ranta, E; Peuhkuri, N; Hirvonen, H; Barnard, CJ",Animal Behaviour,"Producers, Scroungers And The Price Of A Free Meal",10.1006/anbe.1997.0649
,,,,,,y,,,sci-hub.st/http://dx.doi.org/10.1007/s002650050433,http://dx.doi.org/10.1007/s002650050433,1998,"Barta, Z; Giraldeau, LA",Behavioral Ecology And Sociobiology,The Effect Of Dominance Hierarchy On The Use Of Alternative Foraging Tactics: A Phenotype-Limited Producing-Scrounging Game,10.1007/s002650050433
COMPARISONS,,,,,,y,,y,https://esajournals.onlinelibrary.wiley.com/doi/pdf/10.1890/0012-9658%281998%29079%5B1922%3AFGSMAA%5D2.0.CO%3B2?casa_token=BeqKkdSfUhsAAAAA:qlAIbL01xjtQT_dyYC9bOtn9zMXnDh1e9zibaxydbgAZ_RD5PgHbrwlM8uBfvJAstYjwEEXnu0-0KSlIOQ,http://dx.doi.org/10.1890/0012-9658(1998)079[1922:FGSMAA]2.0.CO;2,1998,"Belisle, M",Ecology,Foraging Group Size: Models And A Test With Jaegers Kleptoparasitizing Terns,10.1890/0012-9658(1998)079[1922:FGSMAA]2.0.CO;2
,,,,,,y,,,sci-hub.st/http://dx.doi.org/10.2307/3546372,http://dx.doi.org/10.2307/3546372,1998,"Rita, H; Ranta, E",Oikos,"Group Foraging, Gain And The Finder'S Advantage",10.2307/3546372
patch departure,,,,,,n,,,sci-hub.st/http://dx.doi.org/10.1093/beheco/10.1.54,http://dx.doi.org/10.1093/beheco/10.1.54,1999,"Smith, JW; Benkman, CW; Coffey, K",Behavioral Ecology,The Use And Misuse Of Public Information By Foraging Red Crossbills,10.1093/beheco/10.1.54
,,,,,,n,,,https://sci-hub.st/https://onlinelibrary.wiley.com/doi/epdf/10.1111/j.1095-8649.1999.tb02056.x,http://dx.doi.org/10.1006/jfbi.1999.0958,1999,"De Pirro, M; Marchetti, GM; Chelazzi, G",Journal Of Fish Biology,Foraging Interactions Among Three Benthic Fish In A Posidonia Oceanica Reef Lagoon Along The Tyrrhenian Coast,10.1006/jfbi.1999.0958
,,,,,,,,y,sci-hub.st/http://dx.doi.org/10.1016/S0169-5347(98)01542-0,http://dx.doi.org/10.1016/S0169-5347(98)01542-0,1999,"Giraldeau, LA; Beauchamp, G",Trends In Ecology & Evolution,Food Exploitation: Searching For The Optimal Joining Policy,10.1016/S0169-5347(98)01542-0
,,,,,,y,,,sci-hub.st/http://dx.doi.org/10.1086/303342,http://dx.doi.org/10.1086/303342,2000,"Barta, Z; Giraldeau, LA",American Naturalist,Daily Patterns Of Optimal Producer And Scrounger Use Under Predation Hazard: A State-Dependent Dynamic Game Analysis,10.1086/303342
,,,,,,,recruiter joiner / skew,,sci-hub.st/http://dx.doi.org/10.1086/303349,http://dx.doi.org/10.1086/303349,2000,"Hamilton, IM",American Naturalist,Recruiters And Joiners: Using Optimal Skew Theory To Predict Group Size And The Division Of Resources Within Groups Of Social Foragers,10.1086/303349
,,,,,,n,,,sci-hub.st/http://dx.doi.org/10.1006/anbe.1999.1322,http://dx.doi.org/10.1006/anbe.1999.1322,2000,"Held, S; Mendl, M; Devereux, C; Byrne, RW",Animal Behaviour,Social Tactics Of Pigs In A Competitive Foraging Task: The 'Informed Forager' Paradigm,10.1006/anbe.1999.1322
,,,,,,n,fast slow,,sci-hub.st/http://dx.doi.org/10.1006/anbe.2000.1443,http://dx.doi.org/10.1006/anbe.2000.1443,2000,"Marchetti, C; Drent, PJ",Animal Behaviour,Individual Differences In The Use Of Social Information In Foraging By Captive Great Tits,10.1006/anbe.2000.1443
,,,,,spice finches,,,,sci-hub.st/http://dx.doi.org/10.1006/anbe.2000.1474,http://dx.doi.org/10.1006/anbe.2000.1474,2000,"Mottley, K; Giraldeau, LA",Animal Behaviour,Experimental Evidence That Group Foragers Can Converge On Predicted Producer-Scrounger Equilibria,10.1006/anbe.2000.1474
,,,,,zebra finches,,,,sci-hub.st/http://dx.doi.org/10.1016/S0376-6357(00)00132-7,http://dx.doi.org/10.1016/S0376-6357(00)00132-7,2000,"Beauchamp, G",Behavioural Processes,"The Effect Of Prior Residence And Pair Bond On Scrounging Choices In Flocks Of Zebra Finches, Taenopygia Guttata",10.1016/S0376-6357(00)00132-7
,,,,,,n,,,sci-hub.st/http://dx.doi.org/10.1007/BF02462242,http://dx.doi.org/10.1007/BF02462242,2000,"Amat, JA",Journal Fur Ornithologie,"Courtship Feeding, Food Sharing, Or Tolerated Food Theft Among Paired Red-Crested Pochards (Netta Rufina)?",10.1007/BF02462242
learning,,,,,,y,,,sci-hub.st/http://dx.doi.org/10.1006/jtbi.2000.2153,http://dx.doi.org/10.1006/jtbi.2000.2153,2000,"Beauchamp, G",Journal Of Theoretical Biology,Learning Rules For Social Foragers: Implications For The Producer-Scrounger Game And Ideal Free Distribution Theory,10.1006/jtbi.2000.2153
,,,,,spice finches,,,,sci-hub.st/http://dx.doi.org/10.1006/anbe.2000.1678,http://dx.doi.org/10.1006/anbe.2000.1678,2001,"Coolen, I; Giraldeau, LA; Lavoie, M",Animal Behaviour,Head Position As An Indicator Of Producer And Scrounger Tactics In A Ground-Feeding Bird,10.1006/anbe.2000.1678
,,,,,capuchin monkeys,,,,sci-hub.st/http://dx.doi.org/10.1006/anbe.2000.1730,http://dx.doi.org/10.1006/anbe.2000.1730,2001,"Di Bitetti, MS; Janson, CH",Animal Behaviour,"Social Foraging And The Finder'S Share In Capuchin Monkeys, Cebus Apella",10.1006/anbe.2000.1730
,,,,,,n,,,sci-hub.st/http://dx.doi.org/10.1006/anbe.2001.1704,http://dx.doi.org/10.1006/anbe.2001.1704,2001,"Smith, RD; Ruxton, GD; Cresswell, W",Animal Behaviour,Patch Choice Decisions Of Wild Blackbirds: The Role Of Preharvest Public Information,10.1006/anbe.2001.1704
"vigilance, group size, conditions",,y,,,northwestern crows,,,,https://sci-hub.st/10.1006/anbe.2001.1772,,2001,"Robinette, R.L., Ha, J.C.",Animal Behaviour,"Social And Ecological Factors Influencing Vigilance By Northwestern Crows, Corvus Caurinus",10.1006/anbe.2001.1772
,,,,,,y,,,sci-hub.st/http://dx.doi.org/10.1093/beheco/12.2.121,http://dx.doi.org/10.1093/beheco/12.2.121,2001,"Barta, Z; Giraldeau, LA",Behavioral Ecology,Breeding Colonies As Information Centers: A Reappraisal Of Information-Based Hypotheses Using The Producer-Scrounger Game,10.1093/beheco/12.2.121
,y,,,y,,,,,sci-hub.st/http://dx.doi.org/10.1007/s002650100413,http://dx.doi.org/10.1007/s002650100413,2001,"Beauchamp, G",Behavioral Ecology And Sociobiology,Should Vigilance Always Decrease With Group Size?,10.1007/s002650100413
,,,,,zebra finches,,,,sci-hub.st/http://dx.doi.org/10.1139/cjz-79-3-540,http://dx.doi.org/10.1139/cjz-79-3-540,2001,"Beauchamp, G",Canadian Journal Of Zoology-Revue Canadienne De Zoologie,Consistency And Flexibility In The Scrounging Behaviour Of Zebra Finches,10.1139/cjz-79-3-540
,,,,,spice finches,,,,sci-hub.st/http://dx.doi.org/10.1046/j.1439-0310.2001.00657.x,http://dx.doi.org/10.1046/j.1439-0310.2001.00657.x,2001,"Flynn, RE; Giraldeau, LA",Ethology,Producer-Scrounger Games In A Spatially Explicit World: Tactic Use Influences Flock Geometry Of Spice Finches,10.1046/j.1439-0310.2001.00657.x
,,,,,guppies,,,,sci-hub.st/http://dx.doi.org/10.1006/anbe.2001.1949,http://dx.doi.org/10.1006/anbe.2001.1949,2002,"Pfeffer, K; Fritz, J; Kotrschal, K",Animal Behaviour,"Hormonal Correlates Of Being An Innovative Greylag Goose, - Anser Anser",10.1006/anbe.2001.1949
,,,,,domestic pigs,,,,sci-hub.st/http://dx.doi.org/10.1006/anbe.2002.3044,http://dx.doi.org/10.1006/anbe.2002.3044,2002,"Held, S; Mendl, M; Devereux, C; Byrne, RW",Animal Behaviour,Foraging Pigs Alter Their Behaviour In Response To Exploitation,10.1006/anbe.2002.3044
,,,,,marmosets,,,,sci-hub.st/http://dx.doi.org/10.1006/anbe.2002.9001,http://dx.doi.org/10.1006/anbe.2002.9001,2002,"Werdenich, D; Huber, L",Animal Behaviour,Social Factors Determine Cooperation In Marmosets,10.1006/anbe.2002.9001
,,,,,,,kleptoparasitism,,sci-hub.st/http://dx.doi.org/10.1093/beheco/13.2.260,http://dx.doi.org/10.1093/beheco/13.2.260,2002,"Hamilton, IM",Behavioral Ecology,Kleptoparasitism And The Distribution Of Unequal Competitors,10.1093/beheco/13.2.260
,,,,,,,sharing/harassment,,sci-hub.st/http://dx.doi.org/10.1093/beheco/13.3.393,http://dx.doi.org/10.1093/beheco/13.3.393,2002,"Stevens, JR; Stephens, DW",Behavioral Ecology,Food Sharing: A Model Of Manipulation By Harassment,10.1093/beheco/13.3.393
,,,,,nutmeg mannikins,,,,sci-hub.st/http://dx.doi.org/10.1007/s00265-002-0500-4,http://dx.doi.org/10.1007/s00265-002-0500-4,2002,"Coolen, I",Behavioral Ecology And Sociobiology,Increasing Foraging Group Size Increases Scrounger Use And Reduces Searching Efficiency In Nutmeg Mannikins (Lonchura Punctulata),10.1007/s00265-002-0500-4
,,,,,,n,,,sci-hub.st/http://dx.doi.org/10.1163/15685390260136708,http://dx.doi.org/10.1163/15685390260136708,2002,"Gonzaga, MD; Vasconcellos-Neto, J",Behaviour,Collective Prey Capture And Feeding Behaviours Of Anelosimus Jabaquara Levi 1956 (Araneae : Theridiidae),10.1163/15685390260136708
dominance,,,,,house sparrows,,,,sci-hub.st/http://dx.doi.org/10.1163/15685390260337903,http://dx.doi.org/10.1163/15685390260337903,2002,"Liker, A; Barta, Z",Behaviour,The Effects Of Dominance On Social Foraging Tactic Use In House Sparrows,10.1163/15685390260337903
,,,,,,n,,,sci-hub.st/http://dx.doi.org/10.1163/15685390260514708,http://dx.doi.org/10.1163/15685390260514708,2002,"Gonzaga, MD; Vasconcellos-Neto, J",Behaviour,Influence Of Collective Feeding On Weight Gain And Size Variability Of Anelosimus Jabaquara Levi 1956 (Araneae : Theridiidae),10.1163/15685390260514708
,,,,,,n,,,sci-hub.st/http://dx.doi.org/10.1016/S0376-6357(01)00209-1,http://dx.doi.org/10.1016/S0376-6357(01)00209-1,2002,"Grasmuck, V; Desor, D",Behavioural Processes,Behavioural Differentiation Of Rats Confronted To A Complex Diving-For-Food Situation,10.1016/S0376-6357(01)00209-1
,y,,,,ravens,,,,sci-hub.st/http://dx.doi.org/10.1046/j.1439-0310.2002.00832.x,http://dx.doi.org/10.1046/j.1439-0310.2002.00832.x,2002,"Bugnyar, T; Kotrschal, K",Ethology,"Scrounging Tactics In Free-Ranging Ravens, Corvus Corax",10.1046/j.1439-0310.2002.00832.x
humans,,,,,,n,,,sci-hub.st/http://dx.doi.org/10.1016/S1090-5138(02)00101-0,http://dx.doi.org/10.1016/S1090-5138(02)00101-0,2002,"Kameda, T; Nakanishi, D",Evolution And Human Behavior,Cost-Benefit Analysis Of Social/Cultural Learning In A Nonstationary Uncertain Environment - An Evolutionary Simulation And An Experiment With Human Subjects,10.1016/S1090-5138(02)00101-0
strategy switching,,,,,northwestern crows,,,,sci-hub.st/http://dx.doi.org/10.1006/anbe.2003.2182,http://dx.doi.org/10.1006/anbe.2003.2182,2003,"Ha, RR; Ha, JC",Animal Behaviour,"Effects Of Ecology And Prey Characteristics On The Use Of Alternative Social Foraging Tactics In Crows, Corvus Caurinus",10.1006/anbe.2003.2182
,,,,,nutmeg mannikins,,,,sci-hub.st/http://dx.doi.org/10.1006/anbe.2003.2236,http://dx.doi.org/10.1006/anbe.2003.2236,2003,"Coolen, I; Giraldeau, LA",Animal Behaviour,"Incompatibility Between Antipredatory Vigilance And Scrounger Tactic In Nutmeg Mannikins, Lonchura Punctulata",10.1006/anbe.2003.2236
,,,,,,y,finder-joiner,,sci-hub.st/http://dx.doi.org/10.1093/beheco/14.1.2,http://dx.doi.org/10.1093/beheco/14.1.2,2003,"Dubois, F; Giraldeau, LA; Grant, JWA",Behavioral Ecology,Resource Defense In A Group-Foraging Context,10.1093/beheco/14.1.2
,,,,,western buffalo breams,,"IFD, klepto",,sci-hub.st/http://dx.doi.org/10.1890/02-0227,http://dx.doi.org/10.1890/02-0227,2003,"Hamilton, IM; Dill, LM",Ecology,Group Foraging By A Kleptoparasitic Fish: A Strong Inference Test Of Social Foraging Models,10.1890/02-0227
humans,,,,,,n,,,sci-hub.st/http://dx.doi.org/10.1016/S1090-5138(03)00015-1,http://dx.doi.org/10.1016/S1090-5138(03)00015-1,2003,"Kameda, T; Nakanishi, D",Evolution And Human Behavior,Does Social/Cultural Learning Increase Human Adaptability? Rogers'S Question Revisited,10.1016/S1090-5138(03)00015-1
not english,,,,,,,,,https://www.jstage.jst.go.jp/article/jjpsy1926/74/1/74_1_27/_pdf/-char/ja,,2003,"Nakanishi, D., Kameda, T., Shinada, M.",Shinrigaku Kenkyu,Social Learning As An Uncertainty-Reduction Strategy: An Adaptationist Approach,10.4992/jjpsy.74.27
,y,,,,tree sparrows,,,,sci-hub.st/http://dx.doi.org/10.1016/j.anbehav.2003.06.012,http://dx.doi.org/10.1016/j.anbehav.2003.06.012,2004,"Barta, Z; Liker, A; Monus, F",Animal Behaviour,The Effects Of Predation Risk On The Use Of Social Foraging Tactics,10.1016/j.anbehav.2003.06.012
,,,,,,n,,,sci-hub.st/http://dx.doi.org/10.1098/rspb.2004.2763,http://dx.doi.org/10.1098/rspb.2004.2763,2004,"Morrell, LJ; Kokko, H",Proceedings Of The Royal Society B-Biological Sciences,Can Too Strong Female Choice Deteriorate Male Ornamentation?,10.1098/rspb.2004.2763
,,,,,house sparrows,,,,sci-hub.st/http://dx.doi.org/10.1098/rspb.2004.2887,http://dx.doi.org/10.1098/rspb.2004.2887,2004,"Lendvai, AZ; Barta, Z; Liker, A; Bokony, V",Proceedings Of The Royal Society B-Biological Sciences,The Effect Of Energy Reserves On Social Foraging: Hungry Sparrows Scrounge More,10.1098/rspb.2004.2887
,,,,,nutmeg mannikins,,,,sci-hub.st/http://dx.doi.org/10.1093/beheco/arh127,http://dx.doi.org/10.1093/beheco/arh127,2005,"Wu, GM; Giraldeau, LA",Behavioral Ecology,Risky Decisions: A Test Of Risk Sensitivity In Socially Foraging Flocks Of Lonchura Punctulata,10.1093/beheco/arh127
,,,,,,y,information sharing,,https://sci-hub.st/10.1093/beheco/ari063,,2005,"Ruxton, Graeme D. (g.ruxton@bio.gla.ac.uk) ; Fraser, Chris; Broom, Mark",Behavioral Ecology,An Evolutionarily Stable Joining Policy For Group Foragers,10.1093/beheco/ari063
,,,,,,n,,,sci-hub.st/http://dx.doi.org/10.1016/j.beproc.2005.04.003,http://dx.doi.org/10.1016/j.beproc.2005.04.003,2005,"Stenberg, M; Persson, A",Behavioural Processes,The Effects Of Spatial Food Distribution And Group Size On Foraging Behaviour In A Benthic Fish,10.1016/j.beproc.2005.04.003
,y,,,,,y,,,sci-hub.st/http://dx.doi.org/10.1890/04-0566,http://dx.doi.org/10.1890/04-0566,2005,"Dubois, FD; Giraldeau, LA",Ecology,Fighting For Resources: The Economics Of Defense And Appropriation,10.1890/04-0566
,,,,,,y,finder-joiner,,sci-hub.st/http://dx.doi.org/10.1007/s10764-005-8855-9,http://dx.doi.org/10.1007/s10764-005-8855-9,2005,"Bicca-Marques, JC; Garber, PA",International Journal Of Primatology,Use Of Social And Ecological Information In Tamarin Foraging Decisions,10.1007/s10764-005-8855-9
,,,,,,n,,,,,2005,"Biggers, J.R.",Journal Of Forensic Psychology Practice,The Utility Of Diagnostic Language As Expert Witness Testimony: Should Syndrome Terminology Be Used In Battering Cases?,10.1300/J158v05n01_03
scrounging a cryptic prey,,,,,nutmeg mannikins,,,,sci-hub.st/http://dx.doi.org/10.1016/j.anbehav.2005.10.008,http://dx.doi.org/10.1016/j.anbehav.2005.10.008,2006,"Barrette, M; Giraldeau, LA",Animal Behaviour,Prey Crypticity Reduces The Proportion Of Group Members Searching For Food,10.1016/j.anbehav.2005.10.008
,,,,,,y,finder-joiner,,sci-hub.st/http://dx.doi.org/10.1016/j.anbehav.2005.10.032,http://dx.doi.org/10.1016/j.anbehav.2005.10.032,2006,"Lendvai, AZ; Liker, A; Barta, Z",Animal Behaviour,The Effects Of Energy Reserves And Dominance On The Use Of Social-Foraging Strategies In The House Sparrow,10.1016/j.anbehav.2005.10.032
,,,,,,n,,,sci-hub.st/http://dx.doi.org/10.1007/s10071-006-0018-7,http://dx.doi.org/10.1007/s10071-006-0018-7,2006,"Gajdon, GK; Fijn, N; Huber, L",Animal Cognition,"Limited Spread Of Innovation In A Wild Parrot, The Kea (Nestor Notabilis)",10.1007/s10071-006-0018-7
,,,,,zebra finches,,,,sci-hub.st/http://dx.doi.org/10.1111/j.1439-0310.2006.01241.x,http://dx.doi.org/10.1111/j.1439-0310.2006.01241.x,2006,"Beauchamp, G",Ethology,Phenotypic Correlates Of Scrounging Behavior In Zebra Finches: Role Of Foraging Efficiency And Dominance,10.1111/j.1439-0310.2006.01241.x
,,,,,,n,,,,,2006,"He, S., Wu, Q.H., Saunders, J.R.",Lecture Notes In Computer Science (Including Subseries Lecture Notes In Artificial Intelligence And Lecture Notes In Bioinformatics),A Group Search Optimizer For Neural Network Training,10.1007/11751595_98
individual differences in tactics,,,,,Carib grackles,,,,sci-hub.st/http://dx.doi.org/10.1093/beheco/arm058,http://dx.doi.org/10.1093/beheco/arm058,2007,"Morand-Ferron, J; Giraldeau, LA; Lefebvre, L",Behavioral Ecology,Wild Carib Grackles Play A Producer-Scrounger Game,10.1093/beheco/arm058
different patches,,,,,,y,,,sci-hub.st/http://dx.doi.org/10.1007/s00265-007-0461-8,http://dx.doi.org/10.1007/s00265-007-0461-8,2007,"Dubois, F; Giraldeau, LA",Behavioral Ecology And Sociobiology,Food Sharing Among Retaliators: Sequential Arrivals And Information Asymmetries,10.1007/s00265-007-0461-8
,,,,,Mexican jays,,,,sci-hub.st/http://dx.doi.org/10.1163/156853907781492717,http://dx.doi.org/10.1163/156853907781492717,2007,"McCormack, JE; Jablonski, PG; Brown, JL",Behaviour,Producer-Scrounger Roles And Joining Based On Dominance In A Free-Living Group Of Mexican Jays (Aphelocoma Ultramarina),10.1163/156853907781492717
,,,,,,n,,,,,2007,"Hawkins, T., Hendrickson, C., Higgins, C., Matthews, H.S., Suh, S.",Environmental Science And Technology,A Mixed-Unit Input-Output Model For Environmental Life-Cycle Assessment And Material Flow Analysis,10.1021/es060871u
,,,,,,n,,,sci-hub.st/http://dx.doi.org/10.1111/j.1439-0310.2007.01384.x,http://dx.doi.org/10.1111/j.1439-0310.2007.01384.x,2007,"Souza, ALT; Gonzaga, MO; Vasconcellos-Neto, J",Ethology,Prey Capture Behaviour In The Social Spider Anelosimus Eximius (Araneae : Theridiidae): Responses To Prey Size And Type,10.1111/j.1439-0310.2007.01384.x
humans,,,,,,n,,,sci-hub.st/http://dx.doi.org/10.1016/j.jesp.2006.02.003,http://dx.doi.org/10.1016/j.jesp.2006.02.003,2007,"Kameda, T; Tamura, R",Journal Of Experimental Social Psychology,"""To Eat Or Not To Be Eaten?"" Collective Risk-Monitoring In Groups",10.1016/j.jesp.2006.02.003
,,,,,,,,y,sci-hub.st/http://dx.doi.org/10.1086/511657,http://dx.doi.org/10.1086/511657,2007,"Hirsch, BT",Quarterly Review Of Biology,Costs And Benefits Of Within-Group Spatial Position: A Feeding Competition Model,10.1086/511657
learning,,,,,house sparrows,,,,sci-hub.st/http://dx.doi.org/10.1016/j.anbehav.2007.09.020,http://dx.doi.org/10.1016/j.anbehav.2007.09.020,2008,"Katsnelson, E; Motro, U; Feldman, MW; Lotem, A",Animal Behaviour,Early Experience Affects Producer-Scrounger Foraging Tendencies In The House Sparrow,10.1016/j.anbehav.2007.09.020
spatial model,,,,y,,,,,sci-hub.st/http://dx.doi.org/10.1016/j.anbehav.2008.08.017,http://dx.doi.org/10.1016/j.anbehav.2008.08.017,2008,"Beauchamp, G",Animal Behaviour,A Spatial Model Of Producing And Scrounging,10.1016/j.anbehav.2008.08.017
,y,,,,zebra finches,,,,sci-hub.st/http://dx.doi.org/10.1093/beheco/arm114,http://dx.doi.org/10.1093/beheco/arm114,2008,"Mathot, KJ; Giraldeau, LA",Behavioral Ecology,Increasing Vulnerability To Predation Increases Preference For The Scrounger Foraging Tactic,10.1093/beheco/arm114
spatial position in group,,,,,tree sparrows,,,,sci-hub.st/http://dx.doi.org/10.1111/j.1439-0310.2007.01472.x,http://dx.doi.org/10.1111/j.1439-0310.2007.01472.x,2008,"Monus, F; Barta, Z",Ethology,The Effect Of Within-Flock Spatial Position On The Use Of Social Foraging Tactics In Free-Living Tree Sparrows,10.1111/j.1439-0310.2007.01472.x
humans,,,,,,n,,,sci-hub.st/http://dx.doi.org/10.1016/j.evolhumbehav.2008.04.005,http://dx.doi.org/10.1016/j.evolhumbehav.2008.04.005,2008,"Mesoudi, A",Evolution And Human Behavior,"An Experimental Simulation Of The ""Copy-Successful-Individuals"" Cultural Learning Strategy: Adaptive Landscapes, Producer-Scrounger Dynamics, And Informational Access Costs",10.1016/j.evolhumbehav.2008.04.005
,,,,,shark mackerel,,,,https://sci-hub.st/http://dx.doi.org/10.1017/S0025315408001537,http://dx.doi.org/10.1017/S0025315408001537,2008,"Auster, PJ",Journal Of The Marine Biological Association Of The United Kingdom,Variation In Search And Predatory Attack Strategies Of Shark Mackerel Grammatorcynus Bicarinatus,10.1017/S0025315408001537
,,,,y,,,,,sci-hub.st/http://dx.doi.org/10.1016/j.anbehav.2009.09.001,http://dx.doi.org/10.1016/j.anbehav.2009.09.001,2009,"Hamblin, S; Giraldeau, LA",Animal Behaviour,Finding The Evolutionarily Stable Learning Rule For Frequency-Dependent Foraging,10.1016/j.anbehav.2009.09.001
boldness,,,,,guppies,,,,https://sci-hub.st/10.1093/beheco/arn129,,2009,"Dyer, John R. G. (bgyjdd@leeds.ac.uk) ; Croft, Darren P.; Morrell, Lesley J.; Krause, Jens",Behavioral Ecology,Shoal Composition Determines Foraging Success In The Guppy,10.1093/beheco/arn129
,,,,,chacma baboons,,,,sci-hub.st/http://dx.doi.org/10.1093/beheco/arp095,http://dx.doi.org/10.1093/beheco/arp095,2009,"King, AJ; Isaac, NJB; Cowlishaw, G",Behavioral Ecology,"Ecological, Social, And Reproductive Factors Shape Producer-Scrounger Dynamics In Baboons",10.1093/beheco/arp095
,,,,,,n,,,,,2009,"Lefebvre, L., Boogert, N.J.",Encyclopedia Of Animal Behavior,Avian Social Learning,10.1016/B978-0-08-045337-8.00060-7
,,,,,,n,,,,,2009,"Giraldeau, L.-A.",Encyclopedia Of Animal Behavior,Group Foraging,10.1016/B978-0-08-045337-8.00215-1
,,,,,,n,,,,,2009,"Nishimura, K.",Encyclopedia Of Animal Behavior,Kleptoparasitism And Cannibalism,10.1016/B978-0-08-045337-8.00279-5
,,,,y,,,,,sci-hub.st/http://dx.doi.org/10.1109/TEVC.2009.2011992,http://dx.doi.org/10.1109/TEVC.2009.2011992,2009,"He, S; Wu, QH; Saunders, JR",Ieee Transactions On Evolutionary Computation,Group Search Optimizer: An Optimization Algorithm Inspired By Animal Searching Behavior,10.1109/TEVC.2009.2011992
,,,,,,n,,,https://sci-hub.st/10.1007/s10764-009-9352-3,,2009,"Janmaat, K.R.L., Olupot, W., Chancellor, R.L., Arlet, M.E., Waser, P.M.",International Journal Of Primatology,Long-Term Site Fidelity And Individual Home Range Shifts In Lophocebus Albigena,10.1007/s10764-009-9352-3
,,,,,,n,,,sci-hub.st/http://dx.doi.org/10.1111/j.1420-9101.2009.01804.x,http://dx.doi.org/10.1111/j.1420-9101.2009.01804.x,2009,"Franz, M; Nunn, CL",Journal Of Evolutionary Biology,Rapid Evolution Of Social Learning,10.1111/j.1420-9101.2009.01804.x
patch heterogeneity,,,,,,y,,,sci-hub.st/http://dx.doi.org/10.1016/j.jtbi.2009.06.002,http://dx.doi.org/10.1016/j.jtbi.2009.06.002,2009,"Ohtsuka, Y; Toquenaga, Y",Journal Of Theoretical Biology,The Patch Distributed Producer-Scrounger Game,10.1016/j.jtbi.2009.06.002
basal metabolic rate,,,,,zebra finches,,,,sci-hub.st/http://dx.doi.org/10.1111/j.1600-0706.2009.17357.x,http://dx.doi.org/10.1111/j.1600-0706.2009.17357.x,2009,"Mathot, KJ; Godde, S; Careau, V; Thomas, DW; Giraldeau, LA",Oikos,Testing Dynamic Variance-Sensitive Foraging Using Individual Differences In Basal Metabolic Rates Of Zebra Finches,10.1111/j.1600-0706.2009.17357.x
humans,,,,,,n,,,sci-hub.st/http://dx.doi.org/10.1098/rspb.2009.0724,http://dx.doi.org/10.1098/rspb.2009.0724,2009,"Lehmann, L; Feldman, MW",Proceedings Of The Royal Society B-Biological Sciences,"Coevolution Of Adaptive Technology, Maladaptive Culture And Population Size In A Producer-Scrounger Game",10.1098/rspb.2009.0724
,,,,,,n,,,https://sci-hub.st/10.1086/655429,,2010,"Stiefs, D., Van Voorn, G.A.K., Kooi, B.W., Feudel, U., Gross, T.",American Naturalist,Food Quality In Producer-Grazer Models: A Generalized Analysis,10.1086/655429
learning,,,,,nutmeg mannikins,,,,sci-hub.st/http://dx.doi.org/10.1093/beheco/arp195,http://dx.doi.org/10.1093/beheco/arp195,2010,"Morand-Ferron, J; Giraldeau, LA",Behavioral Ecology,Learning Behaviorally Stable Solutions To Producer-Scrounger Games,10.1093/beheco/arp195
,,,,,zebra finches,y,,,sci-hub.st/http://dx.doi.org/10.1093/beheco/arq069,http://dx.doi.org/10.1093/beheco/arq069,2010,"Mathot, KJ; Giraldeau, LA",Behavioral Ecology,Within-Group Relatedness Can Lead To Higher Levels Of Exploitation: A Model And Empirical Test,10.1093/beheco/arq069
heritability,,,,,zebra finches,,,,sci-hub.st/http://dx.doi.org/10.1007/s00265-010-0992-2,http://dx.doi.org/10.1007/s00265-010-0992-2,2010,"Mathot, KJ; Giraldeau, LA",Behavioral Ecology And Sociobiology,Family-Related Differences In Social Foraging Tactic Use In The Zebra Finch (Taeniopygia Guttata),10.1007/s00265-010-0992-2
,,,,,,n,,,https://sci-hub.st/10.1016/j.beproc.2010.03.003,,2010,"Reebs, Stephan G. (Stephan.Reebs@umoncton.ca)",Behavioural Processes,Temporal Complementarity Of Information-Based Leadership,10.1016/j.beproc.2010.03.003
,,,y,,,n,,,sci-hub.st/http://dx.doi.org/10.1525/cond.2010.090237,http://dx.doi.org/10.1525/cond.2010.090237,2010,"Nocera, JJ; Forbes, GJ",Condor,Incorporating Social Information To Improve The Precision Of Models Of Avian Habitat Use,10.1525/cond.2010.090237
,,,,,,n,,,https://sci-hub.st/10.1016/j.foreco.2010.05.014,,2010,"Zong, C., Wauters, L.A., Van Dongen, S., Mari, V., Romeo, C., Martinoli, A., Preatoni, D., Tosi, G.",Forest Ecology And Management,Annual Variation In Predation And Dispersal Of Arolla Pine (Pinus Cembra L.) Seeds By Eurasian Red Squirrels And Other Seed-Eaters,10.1016/j.foreco.2010.05.014
,,,,y,,,,,sci-hub.st/http://dx.doi.org/10.1016/j.jtbi.2010.09.026,http://dx.doi.org/10.1016/j.jtbi.2010.09.026,2010,"Arbilly, M; Motro, U; Feldman, MW; Lotem, A",Journal Of Theoretical Biology,Co-Evolution Of Learning Complexity And Social Foraging Strategies,10.1016/j.jtbi.2010.09.026
kinds of information,,,,y,,,,,sci-hub.st/http://dx.doi.org/10.1111/j.1600-0706.2009.17400.x,http://dx.doi.org/10.1111/j.1600-0706.2009.17400.x,2010,"Hamblin, S; Mathot, KJ; Morand-Ferron, J; Nocera, JJ; Rieucau, G; Giraldeau, LA",Oikos,Predator Inadvertent Social Information Use Favours Reduced Clumping Of Its Prey,10.1111/j.1600-0706.2009.17400.x
personality,,,,,barnacle geese,,,,sci-hub.st/http://dx.doi.org/10.1098/rspb.2009.1474,http://dx.doi.org/10.1098/rspb.2009.1474,2010,"Kurvers, RHJM; Prins, HHT; van Wieren, SE; van Oers, K; Nolet, BA; Ydenberg, RC",Proceedings Of The Royal Society B-Biological Sciences,The Effect Of Personality On Social Foraging: Shy Barnacle Geese Scrounge More,10.1098/rspb.2009.1474
learning,,,,,,y,,,sci-hub.st/http://dx.doi.org/10.1098/rspb.2010.0857,http://dx.doi.org/10.1098/rspb.2010.0857,2010,"Dubois, F; Morand-Ferron, J; Giraldeau, LA",Proceedings Of The Royal Society B-Biological Sciences,Learning In A Game Context: Strategy Choice By Some Keeps Learning From Evolving In Others,10.1098/rspb.2010.0857
,,,,,,n,,,https://sci-hub.st/10.1098/rspb.2009.1659,,2010,"Pulkkinen, K. (katja.a.pulkkinen@.jyu.fi) ; Suomalainen, L. -R.; Read, A. F.; Ebert, D.; Rintamaki, P.; Valtonen, E. T.",Proceedings Of The Royal Society Biological Sciences Series B,Intensive Fish Farming And The Evolution Of Pathogen Virulence: The Case Of Columnaris Disease In Finland,10.1098/rspb.2009.1659
personality,,,,,zebra finches,,,,sci-hub.st/http://dx.doi.org/10.1016/j.anbehav.2011.03.025,http://dx.doi.org/10.1016/j.anbehav.2011.03.025,2011,"David, M; Cezilly, F; Giraldeau, LA",Animal Behaviour,Personality Affects Zebra Finch Feeding Success In A Producer-Scrounger Game,10.1016/j.anbehav.2011.03.025
individual differences,,,,,nutmeg mannikins,,,,sci-hub.st/http://dx.doi.org/10.1016/j.anbehav.2011.07.014,http://dx.doi.org/10.1016/j.anbehav.2011.07.014,2011,"Morand-Ferron, J; Wu, GM; Giraldeau, LA",Animal Behaviour,Persistent Individual Differences In Tactic Use In A Producer-Scrounger Game Are Group Dependent,10.1016/j.anbehav.2011.07.014
humans,,,,,,n,,,sci-hub.st/http://dx.doi.org/10.1016/j.evolhumbehav.2010.12.001,http://dx.doi.org/10.1016/j.evolhumbehav.2010.12.001,2011,"Mesoudi, A",Evolution And Human Behavior,An Experimental Comparison Of Human Social Learning Strategies: Payoff-Biased Social Learning Is Adaptive But Underused,10.1016/j.evolhumbehav.2010.12.001
,,,,,,n,,,https://sci-hub.st/10.1007/s10682-010-9428-8,,2011,"Chamorro-Florescano, I.A., Favila, M.E., Macías-Ordóñez, R.",Evolutionary Ecology,"Ownership, Size And Reproductive Status Affect The Outcome Of Food Ball Contests In A Dung Roller Beetle: When Do Enemies Share?",10.1007/s10682-010-9428-8
,,,,,,n,,,https://sci-hub.st/10.1504/IJWMC.2011.044102,,2011,"Yao, J., Cui, Z., Wei, Z., Tan, Y.",International Journal Of Wireless And Mobile Computing,Hybrid Group Search Optimiser With Quadratic Interpolation Method And Its Application,10.1504/IJWMC.2011.044102
,,,,,,n,,,sci-hub.st/http://dx.doi.org/10.1016/j.jtbi.2011.04.023,http://dx.doi.org/10.1016/j.jtbi.2011.04.023,2011,"Barclay, P",Journal Of Theoretical Biology,Competitive Helping Increases With The Size Of Biological Markets And Invades Defection,10.1016/j.jtbi.2011.04.023
learning,,,,,house sparrows,,,,sci-hub.st/http://dx.doi.org/10.1098/rspb.2010.1151,http://dx.doi.org/10.1098/rspb.2010.1151,2011,"Katsnelson, E; Motro, U; Feldman, MW; Lotem, A",Proceedings Of The Royal Society B-Biological Sciences,Individual-Learning Ability Predicts Social-Foraging Strategy In House Sparrows,10.1098/rspb.2010.1151
,,,,,,n,,,sci-hub.st/http://dx.doi.org/10.1098/rspb.2010.1562,http://dx.doi.org/10.1098/rspb.2010.1562,2011,"Webster, MM; Laland, KN",Proceedings Of The Royal Society B-Biological Sciences,Reproductive State Affects Reliance On Public Information In Sticklebacks,10.1098/rspb.2010.1562
behavioural reaction norms,,,,,nutmeg mannikins,,,,sci-hub.st/http://dx.doi.org/10.1098/rspb.2010.1769,http://dx.doi.org/10.1098/rspb.2010.1769,2011,"Morand-Ferron, J; Varennes, E; Giraldeau, LA",Proceedings Of The Royal Society B-Biological Sciences,Individual Differences In Plasticity And Sampling When Playing Behavioural Games,10.1098/rspb.2010.1769
,,,,,,n,,,sci-hub.st/http://dx.doi.org/10.1016/j.asoc.2011.10.021,http://dx.doi.org/10.1016/j.asoc.2011.10.021,2012,"Chen, DB; Wang, JT; Zou, F; Hou, WB; Zhao, CX",Applied Soft Computing,An Improved Group Search Optimizer With Operation Of Quantum-Behaved Swarm And Its Application,10.1016/j.asoc.2011.10.021
personality,,,,,barnacle geese,,,,sci-hub.st/http://dx.doi.org/10.1093/beheco/arr148,http://dx.doi.org/10.1093/beheco/arr148,2012,"Kurvers, RHJM; de Hoog, SIV; van Wieren, SE; Ydenberg, RC; Prins, HHT",Behavioral Ecology,No Evidence For Negative Frequency-Dependent Feeding Performance In Relation To Personality,10.1093/beheco/arr148
,,,,,zebra finches,,,,sci-hub.st/http://dx.doi.org/10.1093/beheco/arr171,http://dx.doi.org/10.1093/beheco/arr171,2012,"David, M; Giraldeau, LA",Behavioral Ecology,Zebra Finches In Poor Condition Produce More And Consume More Food In A Producer-Scrounger Game,10.1093/beheco/arr171
,,,,,,n,kleptoparasitism,,sci-hub.st/http://dx.doi.org/10.1093/beheco/ars061,http://dx.doi.org/10.1093/beheco/ars061,2012,"Hadjichrysanthou, C; Broom, M",Behavioral Ecology,When Should Animals Share Food? Game Theory Applied To Kleptoparasitic Populations With Food Sharing,10.1093/beheco/ars061
,,,,,,n,,,,,2012,"Wang, L., Hu, X., Ning, J., Jing, L.",Communications In Computer And Information Science,A Modified Group Search Optimizer Algorithm For High Dimensional Function Optimization,10.1007/978-3-642-34041-3_32
,,,,,house sparrows,,,,sci-hub.st/http://dx.doi.org/10.1111/eth.12013,http://dx.doi.org/10.1111/eth.12013,2012,"Belmaker, A; Motro, U; Feldman, MW; Lotem, A",Ethology,Learning To Choose Among Social Foraging Strategies In Adult House Sparrows (Passer Domesticus),10.1111/eth.12013
,,,,,,n,,,sci-hub.st/http://dx.doi.org/10.1111/j.1558-5646.2011.01541.x,http://dx.doi.org/10.1111/j.1558-5646.2011.01541.x,2012,"Kobayashi, Y; Wakano, JY",Evolution,Evolution Of Social Versus Individual Learning In An Infinite Island Model,10.1111/j.1558-5646.2011.01541.x
,,,,,,n,,,,,2012,"Wang, L., Jing, L., Hu, X., Ning, J.",International Journal Of Advancements In Computing Technology,Improvement On Group Search Optimizer With Multi-Strategy,10.4156/ijact.vol4.issue16.50
,,,,,,n,,,,,2012,"Liao, H., Chen, H., Wu, Q., Bazargan, M., Ji, Z.",Lecture Notes In Computer Science (Including Subseries Lecture Notes In Artificial Intelligence And Lecture Notes In Bioinformatics),Group Search Optimizer For Power System Economic Dispatch,10.1007/978-3-642-30976-2_30
,,,,,,n,,,sci-hub.st/http://dx.doi.org/10.1371/journal.pone.0032411,http://dx.doi.org/10.1371/journal.pone.0032411,2012,"Ward, AJW; Krause, J; Sumpter, DJT",Plos One,Quorum Decision-Making In Foraging Fish Shoals,10.1371/journal.pone.0032411
genetic algorithm,y,,,y,,,,,sci-hub.st/http://dx.doi.org/10.1371/journal.pone.0049400,http://dx.doi.org/10.1371/journal.pone.0049400,2012,"Kurvers, RHJM; Hamblin, S; Giraldeau, LA",Plos One,The Effect Of Exploration On The Use Of Producer-Scrounger Tactics,10.1371/journal.pone.0049400
,,,,,,n,,,,,2012,"Akhand, M.A.H., Junaed, A.B.M., Hossain, M.F., Murase, K.","Proceeding Of The 15Th International Conference On Computer And Information Technology, Iccit 2012",Group Search Optimization To Solve Traveling Salesman Problem,10.1109/ICCITechn.2012.6509797
,,,,y,,,,,sci-hub.st/http://dx.doi.org/10.1073/pnas.1201739109,http://dx.doi.org/10.1073/pnas.1201739109,2012,"Tania, N; Vanderlei, B; Heath, JP; Edelstein-Keshet, L",Proceedings Of The National Academy Of Sciences Of The United States Of America,Role Of Social Interactions In Dynamic Patterns Of Resource Patches And Forager Aggregation,10.1073/pnas.1201739109
"agent based, learning",,,,y,,,,,sci-hub.st/http://dx.doi.org/10.1098/rspb.2011.1734,http://dx.doi.org/10.1098/rspb.2011.1734,2012,"Katsnelson, E; Motro, U; Feldman, MW; Lotem, A",Proceedings Of The Royal Society B-Biological Sciences,Evolution Of Learned Strategy Choice In A Frequency-Dependent Game,10.1098/rspb.2011.1734
individual differences,,,,y,,,,,sci-hub.st/http://dx.doi.org/10.1098/rspb.2011.2342,http://dx.doi.org/10.1098/rspb.2011.2342,2012,"Dubois, F; Giraldeau, LA; Reale, D",Proceedings Of The Royal Society B-Biological Sciences,Frequency-Dependent Payoffs And Sequential Decision-Making Favour Consistent Tactic Use,10.1098/rspb.2011.2342
,,,,,,n,,,,,2012,"Laland, K.N., Dean, L., Hoppitt, W., Rendell, L., Webster, M.M.",The Oxford Handbook Of Comparative Cognition,"Social Learningstrategies, Mechanisms, And Models",10.1093/oxfordhb/9780195392661.013.0042
,,,,,,n,,,,,2013,"Junaed, A.B.M., Akhand, M.A.H., Al-Mahmud, Murase, K.","2013 International Conference On Informatics, Electronics And Vision, Iciev 2013",Multi-Producer Group Search Optimizer For Function Optimization,10.1109/ICIEV.2013.6572665
,,,,,rooks,,,,sci-hub.st/http://dx.doi.org/10.1016/j.anbehav.2013.03.013,http://dx.doi.org/10.1016/j.anbehav.2013.03.013,2013,"Jolles, JW; Ostojic, L; Clayton, NS",Animal Behaviour,"Dominance, Pair Bonds And Boldness Determine Social-Foraging Tactics In Rooks, Corvus Frugilegus",10.1016/j.anbehav.2013.03.013
,,,,,,n,,,sci-hub.st/http://dx.doi.org/10.1016/j.anbehav.2013.03.016,http://dx.doi.org/10.1016/j.anbehav.2013.03.016,2013,"Yip, EC; Rayor, LS",Animal Behaviour,The Influence Of Siblings On Body Condition In A Social Spider: Is Prey Sharing Cooperation Or Competition?,10.1016/j.anbehav.2013.03.016
,,,,,,n,,,sci-hub.st/http://dx.doi.org/10.1016/j.anbehav.2013.04.014,http://dx.doi.org/10.1016/j.anbehav.2013.04.014,2013,"Webster, MM; Laland, KN",Animal Behaviour,"Local Enhancement Via Eavesdropping On Courtship Displays In Male Guppies, Poecilia Reticulata",10.1016/j.anbehav.2013.04.014
,,,,,chacma baboons,,,,sci-hub.st/http://dx.doi.org/10.1016/j.anbehav.2013.07.009,http://dx.doi.org/10.1016/j.anbehav.2013.07.009,2013,"Carter, AJ; Marshall, HH; Heinsohn, R; Cowlishaw, G",Animal Behaviour,Personality Predicts Decision Making Only When Information Is Unreliable,10.1016/j.anbehav.2013.07.009
,,,,,house sparrows,,,,sci-hub.st/http://dx.doi.org/10.1093/beheco/art079,http://dx.doi.org/10.1093/beheco/art079,2013,"Ilan, T; Katsnelson, E; Motro, U; Feldman, MW; Lotem, A",Behavioral Ecology,The Role Of Beginner'S Luck In Learning To Prefer Risky Patches By Socially Foraging House Sparrows,10.1093/beheco/art079
,,,,,,n,,,sci-hub.st/http://dx.doi.org/10.1007/s00265-012-1458-5,http://dx.doi.org/10.1007/s00265-012-1458-5,2013,"Kendall, CJ",Behavioral Ecology And Sociobiology,Alternative Strategies In Avian Scavengers: How Subordinate Species Foil The Despotic Distribution,10.1007/s00265-012-1458-5
,,,,,,n,,,sci-hub.st/http://dx.doi.org/10.1890/12-0572.1,http://dx.doi.org/10.1890/12-0572.1,2013,"Mariette, MM; Griffith, SC",Ecology,Does Coloniality Improve Foraging Efficiency And Nestling Provisioning? A Field Experiment In The Wild Zebra Finch,10.1890/12-0572.1
,,,,,,n,,,sci-hub.st/http://dx.doi.org/10.1111/ele.12105,http://dx.doi.org/10.1111/ele.12105,2013,"Laskowski, KL; Bell, AM",Ecology Letters,Competition Avoidance Drives Individual Differences In Response To A Changing Food Resource In Sticklebacks,10.1111/ele.12105
,,,,,,n,,,,,2013,"Wang, H., Wei, J., Liu, C., Cao, J.",Hsi-An Chiao Tung Ta Hsueh/Journal Of Xi'An Jiaotong University,A Novel Adaptive Stochastic Search Algorithm Based On Group Founding And Joining Behaviors,10.7652/xjtuxb201312008
,,,,,,n,,,,,2013,"Wei, C., Fang, J.",International Journal Of Computing Science And Mathematics,Group Search Optimiser: A Brief Survey,10.1504/IJCSM.2013.054682
,,,,,,n,,,sci-hub.st/http://dx.doi.org/10.1037/a0029602,http://dx.doi.org/10.1037/a0029602,2013,"Webster, MM; Laland, KN",Journal Of Comparative Psychology,The Learning Mechanism Underlying Public Information Use In Ninespine Sticklebacks (Pungitius Pungitius),10.1037/a0029602
,,,,,,n,,,sci-hub.st/http://dx.doi.org/10.1371/journal.pone.0057378,http://dx.doi.org/10.1371/journal.pone.0057378,2013,"Roberts, G",Plos One,When Punishment Pays,10.1371/journal.pone.0057378
,,,,,,n,kleptoparasitism,,,,2013,"Broom, M., Rychtář, J., Sykes, D.G.",Springer Proceedings In Mathematics And Statistics,The Effect Of Information On Payoff In Kleptoparasitic Interactions,10.1007/978-1-4614-9332-7_13
,,,,,,n,,,,,2014,"Su, H.S., An, X.W.",Advanced Materials Research,Power Distribution Network Planning Based On Group Search Optimizer Algorithm,10.4028/www.scientific.net/AMR.971-973.1284
,,,,,,n,,,https://sci-hub.st/10.1086/678406,,2014,"Gounand, I., Mouquet, N., Canard, E., Guichard, F., Hauzy, C., Gravel, D.",American Naturalist,The Paradox Of Enrichment In Metaecosystems,10.1086/678406
,,,,,,n,,,sci-hub.st/http://dx.doi.org/10.1016/j.anbehav.2014.02.009,http://dx.doi.org/10.1016/j.anbehav.2014.02.009,2014,"David, M; Gillingham, MAF; Salignon, M; Laskowski, KL; Giraldeau, LA",Animal Behaviour,Speed-Accuracy Trade-Off And Its Consequences In A Scramble Competition Context,10.1016/j.anbehav.2014.02.009
,,,,y,,,,,sci-hub.st/http://dx.doi.org/10.1016/j.anbehav.2014.07.022,http://dx.doi.org/10.1016/j.anbehav.2014.07.022,2014,"Afshar, M; Giraldeau, LA",Animal Behaviour,A Unified Modelling Approach For Producer-Scrounger Games In Complex Ecological Conditions,10.1016/j.anbehav.2014.07.022
,,,,y,,y,,,https://watermark.silverchair.com/aru002.pdf?token=AQECAHi208BE49Ooan9kkhW_Ercy7Dm3ZL_9Cf3qfKAc485ysgAAAsMwggK_BgkqhkiG9w0BBwagggKwMIICrAIBADCCAqUGCSqGSIb3DQEHATAeBglghkgBZQMEAS4wEQQM2UcOq9f7QVqKEPeoAgEQgIICdgAsracmHwzuDGgmd6Uc9eNshostGdJrhAebtq7BwCratChGcw5vSqeZK12Mq_2sYip5_1yZgCdun2dx-Pesa7WYNEW9UV3AxYZhFX-nWnYG5HSknZoKuS8HcKChdJy42fRp9rvzSMQ4oRqxRgewfUvc0k-IzNCpAm8zSfbRzeHIkygoJIa1GElexgYBmfwwU8dqfqEhymOBGa_Ow9BhxlTHo0H8QzZxA0J8yLer5pkdO3XArj_K04k_El8BxwCOn9mpVSTRYbF1DcbiNPUoPqPhafGLRNUILm-bLCYi5E1upopsD1U04DMt3Y3KBBExetmdk2DbwHfIcT7lHDva1vNnGmyLaTHRK0o0wYuew6ytzm8OiEZ1ySLKH826XdHr45KXUIxNywVOXH1CMzb3Jlqn6EarE3NMzRCriyE19asElVoqelnpPgcBOHPahcaB23kfg9vHTjrirCLrS_IVqAo2m1Hrmlf_EMpbzmCHs0AXZa9-S4sqonG3Mm1JIQJl0R9SUipHAorq4PL8Wfxsbog-NUJDIsuBT8pv2dAffSvMMagI2OPsqw3Bp1NibxwMvDEQDUurLZ03SXhb4ySBaZBozL17agNVpCLjboMgCcpY2PKdYIXetrmXoEATXWrPbgCmsk_TGbPw7DRsi82SSSiFRCb6P_X5PVQsnJDo2ac73Ua2WEvOz0TLB_DE2_kkTUU5kHrDIQFxjgbiyWXYf6phH1HqN4a8QX8iMzpnRvcScnScMcaQqBqrbo_UPpDpBEt5yVe5ASsAyJJ4PwVBggkgLCbPSR8cpV9cO1zTiUPqu9e0Anak0MNBgsZJ2wOtq2y2yjCbxA,http://dx.doi.org/10.1093/beheco/aru002,2014,"Arbilly, M; Weissman, DB; Feldman, MW; Grodzinski, U",Behavioral Ecology,An Arms Race Between Producers And Scroungers Can Drive The Evolution Of Social Cognition,10.1093/beheco/aru002
,,,,,three-spined sticklebacks,,,,sci-hub.st/http://dx.doi.org/10.1111/bij.12320,http://dx.doi.org/10.1111/bij.12320,2014,"Olafsdottir, GA; Andreou, A; Magellan, K; Kristjansson, BK",Biological Journal Of The Linnean Society,"Divergence In Social Foraging Among Morphs Of The Three-Spined Stickleback, Gasterosteus Aculeatus",10.1111/bij.12320
"density, spatially explicit",,,,y,,,,,sci-hub.st/http://dx.doi.org/10.1098/rsbl.2014.0522,http://dx.doi.org/10.1098/rsbl.2014.0522,2014,"Beauchamp, G; Ruxton, GD",Biology Letters,Frequency-Dependent Conspecific Attraction To Food Patches,10.1098/rsbl.2014.0522
,,,,,zebra finches,,,,sci-hub.st/http://dx.doi.org/10.3389/fevo.2014.00019,http://dx.doi.org/10.3389/fevo.2014.00019,2014,"David, M; Le Ho, M; Laskowski, KL; Salignon, M; Gillingham, MAF; Giraldeau, LA",Frontiers In Ecology And Evolution,Individual Differences In Behavioral Consistency Are Related To Sequential Access To Resources And Body Condition In A Producer-Scrounger Game,10.3389/fevo.2014.00019
,,,,,,n,,,,,2014,[No author name available],Intelligent Systems Reference Library,Group Search Optimizer Algorithm,10.1007/978-3-319-03404-1_12
,,,,,,n,,,sci-hub.st/http://dx.doi.org/10.1098/rsif.2014.0674,http://dx.doi.org/10.1098/rsif.2014.0674,2014,"Bhattacharya, K; Vicsek, T",Journal Of The Royal Society Interface,Collective Foraging In Heterogeneous Landscapes,10.1098/rsif.2014.0674
kleptoparasitism,,,,,,y,,,sci-hub.st/http://dx.doi.org/10.1051/mmnp/20149309,http://dx.doi.org/10.1051/mmnp/20149309,2014,"Broom, M; Rychtar, J; Sykes, D",Mathematical Modelling Of Natural Phenomena,Kleptoparasitic Interactions Under Asymmetric Resource Valuation,10.1051/mmnp/20149309
,,,,,,n,,,sci-hub.st/http://dx.doi.org/10.1155/2014/621393,http://dx.doi.org/10.1155/2014/621393,2014,"Cui, Z; Gu, XS",Mathematical Problems In Engineering,A Discrete Group Search Optimizer For Hybrid Flowshop Scheduling Problem With Random Breakdown,10.1155/2014/621393
,,,,,,n,,,,,2014,"Zheng, X.-W., Lu, D.-J., Chen, Z.-H.","Proceedings Of The 2014 Ieee Congress On Evolutionary Computation, Cec 2014",A Self-Adaptive Group Search Optimizer With Elitist Strategy,10.1109/CEC.2014.6900477
,,,,,"vultures, raptors",y,,,sci-hub.st/http://dx.doi.org/10.1098/rspb.2014.1072,http://dx.doi.org/10.1098/rspb.2014.1072,2014,"Kane, A; Jackson, AL; Ogada, DL; Monadjem, A; McNally, L",Proceedings Of The Royal Society B-Biological Sciences,Vultures Acquire Information On Carcass Location From Scavenging Eagles,10.1098/rspb.2014.1072
learning,,,,y,,,,,sci-hub.st/http://dx.doi.org/10.1016/j.tpb.2013.09.003,http://dx.doi.org/10.1016/j.tpb.2013.09.003,2014,"Dridi, S; Lehmann, L",Theoretical Population Biology,On Learning Dynamics Underlying The Evolution Of Learning Rules,10.1016/j.tpb.2013.09.003
,,,,y,,,,,sci-hub.st/http://dx.doi.org/10.1016/j.tpb.2013.09.006,http://dx.doi.org/10.1016/j.tpb.2013.09.006,2014,"Arbilly, M; Laland, KN",Theoretical Population Biology,The Local Enhancement Conundrum: In Search Of The Adaptive Value Of A Social Learning Mechanism,10.1016/j.tpb.2013.09.006
,,,,,,n,,,sci-hub.st/http://dx.doi.org/10.1016/j.tpb.2013.12.003,http://dx.doi.org/10.1016/j.tpb.2013.12.003,2014,"Kobayashi, Y; Ohtsuki, H",Theoretical Population Biology,Evolution Of Social Versus Individual Learning In A Subdivided Population Revisited: Comparative Analysis Of Three Coexistence Mechanisms Using The Inclusive-Fitness Method,10.1016/j.tpb.2013.12.003
,,,,,,n,,,,,2015,"Akhand, MAH; Jannat, Z; Diba, T; Al-Mahmud",2015 Ieee International Wie Conference On Electrical And Computer Engineering (Wiecon-Ece),Optimization Of Capacitated Vehicle Routing Problem Using Producer-Scrounger Method,
"patch quality, variability",,,,,zebra finches,,,,sci-hub.st/http://dx.doi.org/10.1016/j.anbehav.2015.04.016,http://dx.doi.org/10.1016/j.anbehav.2015.04.016,2015,"Afshar, M; Hall, CL; Giraldeau, LA",Animal Behaviour,Zebra Finches Scrounge More When Patches Vary In Quality: Experimental Support Of The Linear Operator Learning Rule,10.1016/j.anbehav.2015.04.016
,,,,,,n,,,sci-hub.st/http://dx.doi.org/10.1016/j.asoc.2015.08.047,http://dx.doi.org/10.1016/j.asoc.2015.08.047,2015,"Zou, F; Wang, L; Hei, XH; Chen, DB",Applied Soft Computing,Teaching-Learning-Based Optimization With Learning Experience Of Other Learners And Its Application,10.1016/j.asoc.2015.08.047
"cooperative breeding, learning",,,,,Arabian babblers,,,,sci-hub.st/http://dx.doi.org/10.1093/beheco/aru181,http://dx.doi.org/10.1093/beheco/aru181,2015,"Keynan, O; Ridley, AR; Lotem, A",Behavioral Ecology,Social Foraging Strategies And Acquisition Of Novel Foraging Skills In Cooperatively Breeding Arabian Babblers,10.1093/beheco/aru181
,,,,,,n,,,sci-hub.st/http://dx.doi.org/10.1007/s00265-015-1901-5,http://dx.doi.org/10.1007/s00265-015-1901-5,2015,"Webster, MM; Laland, KN",Behavioral Ecology And Sociobiology,Space-Use And Sociability Are Not Related To Public-Information Use In Ninespine Sticklebacks,10.1007/s00265-015-1901-5
,,,,,,n,,,sci-hub.st/http://dx.doi.org/10.1163/1568539X-00003293,http://dx.doi.org/10.1163/1568539X-00003293,2015,"Webster, MM; Laland, KN",Behaviour,Public Information Use By Foraging Ninespine Sticklebacks: Social Learning Or An Unlearned Social Influence On Travel Direction?,10.1163/1568539X-00003293
,,,,,red knots,,,,sci-hub.st/http://dx.doi.org/10.1016/j.beproc.2014.09.003,http://dx.doi.org/10.1016/j.beproc.2014.09.003,2015,"Bijleveld, AI; van Gils, JA; Jouta, J; Piersma, T",Behavioural Processes,Benefits Of Foraging In Small Groups: An Experimental Study On Public Information Use In Red Knots Calidris Canutus,10.1016/j.beproc.2014.09.003
reaction-diffusion,,,,y,,,,,sci-hub.st/http://dx.doi.org/10.3934/dcdsb.2015.20.1591,http://dx.doi.org/10.3934/dcdsb.2015.20.1591,2015,"Cosner, C; Nevai, AL",Discrete And Continuous Dynamical Systems-Series B,Spatial Population Dynamics In A Producer-Scrounger Model,10.3934/dcdsb.2015.20.1591
,,,,,,n,,,,,2015,"Schwamborn, R., Giarrizzo, T.",Estuaries And Coasts,Stable Isotope Discrimination By Consumers In A Tropical Mangrove Food Web: How Important Are Variations In C/N Ratio?,10.1007/s12237-014-9871-9
,,,,,,n,,,,,2015,"Harrison, K.",Global Environmental Politics,International Carbon Trade And Domestic Climate Politics,10.1162/GLEP_a_00310
,,,,,,n,,,,,2015,"Harikrishnan, R., Jawahar Senthil Kumar, V.",Indian Journal Of Science And Technology,An Integrated Xbee Arduino With Group Search Optimizer Approach For Localization In Wireless Sensor Networks,10.17485/ijst/2015/v8i22/79099
"Table 1, dominance, spatial position",,,,,vervet monkeys,,,,sci-hub.st/http://dx.doi.org/10.1007/s10764-015-9818-4,http://dx.doi.org/10.1007/s10764-015-9818-4,2015,"Teichroeb, JA; White, MMJ; Chapman, CA",International Journal Of Primatology,Vervet (Chlorocebus Pygerythrus) Intragroup Spatial Positioning: Dominants Trade-Off Predation Risk For Increased Food Acquisition,10.1007/s10764-015-9818-4
"Fig 1, fighting",,,,,,y,,,sci-hub.st/http://dx.doi.org/10.1007/s00285-014-0848-x,http://dx.doi.org/10.1007/s00285-014-0848-x,2015,"Broom, M; Johanis, M; Rychtar, J",Journal Of Mathematical Biology,The Effect Of Fight Cost Structure On Fighting Behaviour,10.1007/s00285-014-0848-x
,,,,,,n,,,sci-hub.st/http://dx.doi.org/10.1016/j.neucom.2013.09.065,http://dx.doi.org/10.1016/j.neucom.2013.09.065,2015,"Tan, Y; Li, CB; Cao, YJ; Lee, KY; Li, LJ; Tang, SW; Zhou, L",Neurocomputing,Improved Group Search Optimization Method For Optimal Power Flow Problem Considering Valve-Point Loading Effects,10.1016/j.neucom.2013.09.065
learning,,,,y,,,social learning,,sci-hub.st/http://dx.doi.org/10.1098/rspb.2015.1405,http://dx.doi.org/10.1098/rspb.2015.1405,2015,"Smolla, M; Gilman, RT; Galla, T; Shultz, S",Proceedings Of The Royal Society B-Biological Sciences,Competition For Resources Can Explain Patterns Of Social And Individual Learning In Nature,10.1098/rspb.2015.1405
,,,,,,n,,,sci-hub.st/http://dx.doi.org/10.1007/s00500-014-1298-5,http://dx.doi.org/10.1007/s00500-014-1298-5,2015,"Chen, DB; Zou, F; Wang, JT; Yuan, WJ",Soft Computing,A Teaching-Learning-Based Optimization Algorithm With Producer-Scrounger Model For Global Optimization,10.1007/s00500-014-1298-5
,,,,,,n,,,,,2015,"Li, S.-L., Ma, L.-Y., Li, Y.-J., Wang, T.-H.",Zhendong Yu Chongji/Journal Of Vibration And Shock,Multi-Objective Quick Group Search Optimization Algorithm And Its Application In Model Updating,10.13465/j.cnki.jvs.2015.20.021
,,,,,,n,,,,,2016,"Akhand, M.A.H., Jannat, Z., Diba, T., Al-Mahmud","2015 Ieee International Wie Conference On Electrical And Computer Engineering, Wiecon-Ece 2015",Optimization Of Capacitated Vehicle Routing Problem Using Producer-Scrounger Method,10.1109/WIECON-ECE.2015.7443922
,,,,,,n,,,,,2016,"Akhand, M.A.H., Peya, Z.J., Sultana, T., Al-Mahmud","2Nd International Conference On Electrical Information And Communication Technologies, Eict 2015",Solving Capacitated Vehicle Routing Problem With Route Optimization Using Swarm Intelligence,10.1109/EICT.2015.7391932
see journal,,,,,,n,,,sci-hub.st/http://dx.doi.org/10.1186/s13662-016-0968-2,http://dx.doi.org/10.1186/s13662-016-0968-2,2016,"Wen, JH; Weng, PX",Advances In Difference Equations,Stability And Hopf Bifurcation Of A Producer-Scrounger Model With Age-Structure,10.1186/s13662-016-0968-2
,,,,,,n,,,sci-hub.st/http://dx.doi.org/10.1177/1687814016664262,http://dx.doi.org/10.1177/1687814016664262,2016,"Deng, GL; Zhang, SN; Zhao, M",Advances In Mechanical Engineering,A Discrete Group Search Optimizer For Blocking Flow Shop Multi-Objective Scheduling,10.1177/1687814016664262
,,,,,,n,,,sci-hub.st/http://dx.doi.org/10.1016/j.anbehav.2015.11.015,http://dx.doi.org/10.1016/j.anbehav.2015.11.015,2016,"Heinen, VK; Stephens, DW",Animal Behaviour,"Blue Jays, Cyanocitta Cristata, Devalue Social Information In Uncertain Environments",10.1016/j.anbehav.2015.11.015
,,,,,,n,,,sci-hub.st/http://dx.doi.org/10.1016/j.anbehav.2016.03.021,http://dx.doi.org/10.1016/j.anbehav.2016.03.021,2016,"Ramakers, JJC; Dechmann, DKN; Page, RA; O'Mara, MT",Animal Behaviour,Frugivorous Bats Prefer Information From Novel Social Partners,10.1016/j.anbehav.2016.03.021
,,,,,honeybees,,dancer-follower,,sci-hub.st/http://dx.doi.org/10.1016/j.anbehav.2016.06.011,http://dx.doi.org/10.1016/j.anbehav.2016.06.011,2016,"Katz, K; Naug, D",Animal Behaviour,Dancers And Followers In A Honeybee Colony Differently Prioritize Individual And Colony Nutritional Needs,10.1016/j.anbehav.2016.06.011
,,,,,,n,host-seeking,,sci-hub.st/http://dx.doi.org/10.1007/s10489-015-0718-2,http://dx.doi.org/10.1007/s10489-015-0718-2,2016,"Feng, X; Liu, XT; Yu, HQ",Applied Intelligence,Group Mosquito Host-Seeking Algorithm,10.1007/s10489-015-0718-2
,,,,,three-spined sticklebacks,,,,,,2016,"Hansen, M.J., Ward, A.J.W., Fürtbauer, I., King, A.J.",Behavioral Ecology And Sociobiology,Environmental Quality Determines Finder-Joiner Dynamics In Socially Foraging Three-Spined Sticklebacks (Gasterosteus Aculeatus),10.1007/s00265-016-2111-5
,,,,,,y,,,,,2016,"Broom, M., Rychtář, J.",Ecological Complexity,A Model Of Food Stealing With Asymmetric Information,10.1016/j.ecocom.2015.05.001
,,,,,,n,,,,,2016,"Lihoreau, M; Pasquaretta, C; Heeb, P",Frontiers In Psychology,Commentary: Do Bees Play The Producer-Scrounger Game?,10.3389/fpsyc.2016.07355
,,,,,,y,finder-joiner,,sci-hub.st/http://dx.doi.org/10.1186/s12983-016-0180-y,http://dx.doi.org/10.1186/s12983-016-0180-y,2016,"Lee, YF; Kuo, YM; Chu, WC",Frontiers In Zoology,Energy State Affects Exploratory Behavior Of Tree Sparrows In A Group Context Under Differential Food-Patch Distributions,10.1186/s12983-016-0180-y
,,,,,,n,,,sci-hub.st/http://dx.doi.org/10.1109/TEVC.2015.2494382,http://dx.doi.org/10.1109/TEVC.2015.2494382,2016,"Lim, SL; Bentley, PJ; Ishikawa, F",Ieee Transactions On Evolutionary Computation,The Effects Of Developer Dynamics On Fitness In An Evolutionary Ecosystem Model Of The App Store,10.1109/TEVC.2015.2494382
,,,,,,n,,,,,2016,"Chen, J.-J., Ji, T., Wu, P., Li, M.",Journal Of Computational Methods In Sciences And Engineering,A Variant Of Group Search Optimizer For Global Optimization,10.3233/JCM-160614
,,,,,,n,,,sci-hub.st/http://dx.doi.org/10.1080/0952813X.2014.971467,http://dx.doi.org/10.1080/0952813X.2014.971467,2016,"Hasanzadeh, M; Sadeghi, S; Rezvanian, A; Meybodi, MR",Journal Of Experimental & Theoretical Artificial Intelligence,Success Rate Group Search Optimiser,10.1080/0952813X.2014.971467
,,,,,,n,,,sci-hub.st/http://dx.doi.org/10.1016/j.jmaa.2016.03.030,http://dx.doi.org/10.1016/j.jmaa.2016.03.030,2016,"Zhou, J",Journal Of Mathematical Analysis And Applications,Qualitative Analysis Of A Producer-Scrounger Model,10.1016/j.jmaa.2016.03.030
,,,,,,n,,,sci-hub.st/http://dx.doi.org/10.1111/mms.12314,http://dx.doi.org/10.1111/mms.12314,2016,"Gazda, SK",Marine Mammal Science,Driver-Barrier Feeding Behavior In Bottlenose Dolphins (Tursiops Truncatus): New Insights From A Longitudinal Study,10.1111/mms.12314
,,,,,,n,,,sci-hub.st/http://dx.doi.org/10.1007/s00521-015-1963-3,http://dx.doi.org/10.1007/s00521-015-1963-3,2016,"Mokhtari, H",Neural Computing & Applications,Research On Group Search Optimizers For A Reconfigurable Flow Shop Sequencing Problem,10.1007/s00521-015-1963-3
"fish, metabolic rate",,,,,,,kleptoparasitism,,sci-hub.st/http://dx.doi.org/10.1016/j.physbeh.2016.01.046,http://dx.doi.org/10.1016/j.physbeh.2016.01.046,2016,"Geffroy, B; Bolliet, V; Bardonnet, A",Physiology & Behavior,Kleptoparasitism And Aggressiveness Are Influenced By Standard Metabolic Rate In Eels,10.1016/j.physbeh.2016.01.046
,,,,,,n,,,,,2016,"Banati, H., Arora, N.","Proceedings Of 2015 Ieee International Conference On Research In Computational Intelligence And Communication Networks, Icrcicn 2015",Tl-Gso: - A Hybrid Approach To Mine Communities From Social Networks,10.1109/ICRCICN.2015.7434226
"scarcity, depletion rate, resource ecology",,,,,,y,,,sci-hub.st/http://dx.doi.org/10.1098/rspb.2015.2550,http://dx.doi.org/10.1098/rspb.2015.2550,2016,"Lee, AEG; Ounsley, JP; Coulson, T; Rowcliffe, JM; Cowlishaw, G",Proceedings Of The Royal Society B-Biological Sciences,Information Use And Resource Competition: An Integrative Framework,10.1098/rspb.2015.2550
,,,,,crab spiders,,,,sci-hub.st/http://dx.doi.org/10.1098/rspb.2016.0114,http://dx.doi.org/10.1098/rspb.2016.0114,2016,"Dumke, M; Herberstein, ME; Schneider, JM",Proceedings Of The Royal Society B-Biological Sciences,Producers And Scroungers: Feeding-Type Composition Changes With Group Size In A Socially Foraging Spider,10.1098/rspb.2016.0114
finder's share,,,,,,y,,,sci-hub.st/http://dx.doi.org/10.1016/j.anbehav.2017.09.023,http://dx.doi.org/10.1016/j.anbehav.2017.09.023,2017,"Kok, RB; Stears, K; Shrader, AM",Animal Behaviour,Does The Removal Of Finder'S Share Influence The Scrounging Decisions Of Herbivores?,10.1016/j.anbehav.2017.09.023
,,,,,,n,,,sci-hub.st/http://dx.doi.org/10.1093/beheco/arx121,http://dx.doi.org/10.1093/beheco/arx121,2017,"Webster, MM; Laland, KN",Behavioral Ecology,Social Information Use And Social Learning In Non-Grouping Fishes,10.1093/beheco/arx121
,,,,,,n,,,https://sci-hub.st/10.1016/j.beproc.2016.09.007,,2017,"Zandberg, L., Quinn, J.L., Naguib, M., van Oers, K.",Behavioural Processes,Personality-Dependent Differences In Problem-Solving Performance In A Social Context Reflect Foraging Strategies,10.1016/j.beproc.2016.09.007
,,,,,,n,,,https://sci-hub.st/10.1007/s10530-017-1458-5,,2017,"Liebhold, A.M., Brockerhoff, E.G., Kalisz, S., Nuñez, M.A., Wardle, D.A., Wingfield, M.J.",Biological Invasions,Biological Invasions In Forest Ecosystems,10.1007/s10530-017-1458-5
,,,,,,n,,,,http://dx.doi.org/10.3934/dcdsb.2017030,2017,"Wen, JH; Weng, PX",Discrete And Continuous Dynamical Systems-Series B,Traveling Wave Solutions In A Diffusive Producer-Scrounger Model,10.3934/dcdsb.2017030
hunger,,,,,three-spined sticklebacks,,,,sci-hub.st/http://dx.doi.org/10.1111/eth.12653,http://dx.doi.org/10.1111/eth.12653,2017,"Riddell, J; Webster, MM",Ethology,How Does Hunger Affect Convergence On Prey Patches In A Social Forager?,10.1111/eth.12653
"interspecific, scavenging",,,,y,,,,,sci-hub.st/http://dx.doi.org/10.1111/1365-2656.12663,http://dx.doi.org/10.1111/1365-2656.12663,2017,"Kane, A; Kendall, CJ",Journal Of Animal Ecology,Understanding How Mammalian Scavengers Use Information From Avian Scavengers: Cue From Above,10.1111/1365-2656.12663
,,,,,,n,,,,,2017,"Akhand, M.A.H., Peya, Z.J., Sultana, T., Rahman, M.M.H.",Journal Of Applied Science And Engineering,Solving Capacitated Vehicle Routing Problem Using Variant Sweep And Swarm Intelligence,10.6180/jase.2017.20.4.13
,,,,,,n,,,,,2017,"Deng, G.-L., Tian, G.-D., Gu, X.-S.",Kongzhi Yu Juece/Control And Decision,Multi-Objective Scheduling For Multi-Product Batch Process With No-Wait Constraint,10.13195/j.kzyjc.2015.1503
"learning, personality",,,,,sea bass,,,,sci-hub.st/http://dx.doi.org/10.3758/s13420-017-0266-1,http://dx.doi.org/10.3758/s13420-017-0266-1,2017,"Benhaim, D; Ferrari, S; Colchen, T; Chatain, B; Begout, ML",Learning & Behavior,Relationship Between Individual And Group Learning In A Marine Teleost: A Case Study With Sea Bass Under Self-Feeding Conditions,10.3758/s13420-017-0266-1
dominance,,,,,chacma baboons,,,,https://peerj.com/articles/3462/,http://dx.doi.org/10.7717/peerj.3462,2017,"Lee, AEG; Cowlishaw, G",Peerj,Switching Spatial Scale Reveals Dominance-Dependent Social Foraging Tactics In A Wild Primate,10.7717/peerj.3462
,,,,,,n,,,,,2017,"Zhai, J., Zhang, H., Hu, G., He, G., You, L.",Pic 2016 - Proceedings Of The 2016 Ieee International Conference On Progress In Informatics And Computing,A Novel Intelligent Service Selection Method For Third-Party It Service,10.1109/PIC.2016.7949578
"scale, personality",,,,,great tits,,,,https://royalsocietypublishing.org/doi/epdf/10.1098/rspb.2016.2872,http://dx.doi.org/10.1098/rspb.2016.2872,2017,"Aplin, LM; Morand-Ferron, J",Proceedings Of The Royal Society B-Biological Sciences,Stable Producer-Scrounger Dynamics In Wild Birds: Sociability And Learning Speed Covary With Scrounging Behaviour,10.1098/rspb.2016.2872
enrichment,,,,,,y,,,sci-hub.st/http://dx.doi.org/10.1098/rsos.160830,http://dx.doi.org/10.1098/rsos.160830,2017,"Toyokawa, W",Royal Society Open Science,Scrounging By Foragers Can Resolve The Paradox Of Enrichment,10.1098/rsos.160830
,,,,,,n,,,sci-hub.st/http://dx.doi.org/10.1007/s11276-016-1264-5,http://dx.doi.org/10.1007/s11276-016-1264-5,2017,"Parthasarathy, S; Venkateswaran, CJ",Wireless Networks,Scheduling Jobs Using Oppositional-Gso Algorithm In Cloud Computing Environment,10.1007/s11276-016-1264-5
,,,,,,n,,,sci-hub.st/http://dx.doi.org/10.1016/j.anbehav.2018.04.024,http://dx.doi.org/10.1016/j.anbehav.2018.04.024,2018,"Jones, NAR; Webster, M; Templeton, CN; Schuster, S; Rendell, L",Animal Behaviour,Presence Of An Audience And Consistent Interindividual Differences Affect Archerfish Shooting Behaviour,10.1016/j.anbehav.2018.04.024
,,,,,,n,,,sci-hub.st/http://dx.doi.org/10.1016/j.anbehav.2018.10.005,http://dx.doi.org/10.1016/j.anbehav.2018.10.005,2018,"Webster, MM; Laland, KN",Animal Behaviour,Experience Shapes Social Information Use In Foraging Fish,10.1016/j.anbehav.2018.10.005
,,,,,crab spiders,,,,sci-hub.st/http://dx.doi.org/10.1111/eth.12774,http://dx.doi.org/10.1111/eth.12774,2018,"Dumke, M; Herberstein, ME; Schneider, JM",Ethology,Advantages Of Social Foraging In Crab Spiders: Groups Capture More And Larger Prey Despite The Absence Of A Web,10.1111/eth.12774
,,,,,,y,,,https://sci-hub.st/10.3389/fams.2018.00049,,2018,"Ogura, Y., Amita, H., Matsushima, T.",Frontiers In Applied Mathematics And Statistics,Ecological Validity Of Impulsive Choice: Consequences Of Profitability-Based Short-Sighted Evaluation In The Producer-Scrounger Resource Competition,10.3389/fams.2018.00049
fighting,,,,,,y,,,sci-hub.st/http://dx.doi.org/10.1007/s00285-017-1149-y,http://dx.doi.org/10.1007/s00285-017-1149-y,2018,"Broom, M; Johanis, M; Rychtar, J",Journal Of Mathematical Biology,The Effect Of Fight Cost Structure On Fighting Behaviour Involving Simultaneous Decisions And Variable Investment Levels,10.1007/s00285-017-1149-y
,,,,,,n,,,,,2018,"Brabazon, A., McGarraghy, S.",Natural Computing Series,Foraging Models And Algorithms,10.1007/978-3-319-59156-8_17
,,,,,Egyptian fruit bats,,,,sci-hub.st/http://dx.doi.org/10.1126/sciadv.1603293,http://dx.doi.org/10.1126/sciadv.1603293,2018,"Harten, L; Matalon, Y; Galli, N; Navon, H; Dor, R; Yovel, Y",Science Advances,Persistent Producer-Scrounger Relationships In Bats,10.1126/sciadv.1603293
body size,,,,y,coho salmon,,,,sci-hub.st/http://dx.doi.org/10.1007/s12080-018-0375-2,http://dx.doi.org/10.1007/s12080-018-0375-2,2018,"Phillips, JA; Peacock, SJ; Bateman, A; Bartlett, M; Lewis, MA; Krkosek, M",Theoretical Ecology,An Asymmetric Producer-Scrounger Game: Body Size And The Social Foraging Behavior Of Coho Salmon,10.1007/s12080-018-0375-2
,,,,,,n,,,sci-hub.st/http://dx.doi.org/10.1016/j.asoc.2019.05.007,http://dx.doi.org/10.1016/j.asoc.2019.05.007,2019,"Deng, GL; Zhang, ZW; Jiang, TH; Zhang, SN",Applied Soft Computing,Total Flow Time Minimization In No-Wait Job Shop Using A Hybrid Discrete Group Search Optimizer,10.1016/j.asoc.2019.05.007
personality,,,,,Eurasian tree sparrows,,,,sci-hub.st/http://dx.doi.org/10.1093/beheco/arz026,http://dx.doi.org/10.1093/beheco/arz026,2019,"Fulop, A; Nemeth, Z; Kocsis, B; Deak-Molnar, B; Bozsoky, T; Barta, Z",Behavioral Ecology,Personality And Social Foraging Tactic Use In Free-Living Eurasian Tree Sparrows (Passer Montanus),10.1093/beheco/arz026
,,,,,Egyptian fruit bats,,,,sci-hub.st/http://dx.doi.org/10.1016/j.cub.2019.04.066,http://dx.doi.org/10.1016/j.cub.2019.04.066,2019,"Harten, L; Prat, Y; Ben Cohen, S; Dor, R; Yovel, Y",Current Biology,Food For Sex In Bats Revealed As Producer Males Reproduce With Scrounging Females,10.1016/j.cub.2019.04.066
,,,,,,n,,,,,2019,"Giraldeau, L.-A., Pyke, G.H.",Encyclopedia Of Animal Behavior,Group Foraging,10.1016/B978-0-12-809633-8.20868-6
,,,,,,n,,,,,2019,"Pyke, G.H.",Encyclopedia Of Animal Behavior,Foraging: Section Overview,10.1016/B978-0-12-809633-8.20879-0
,,,,,,n,,,,,2019,"Lefebvre, L., Boogert, N.J.",Encyclopedia Of Animal Behavior,Avian Social Learning,10.1016/B978-0-12-813251-7.00060-2
humans,,,,,,n,,,sci-hub.st/http://dx.doi.org/10.1016/j.evolhumbehav.2018.08.001,http://dx.doi.org/10.1016/j.evolhumbehav.2018.08.001,2019,"Kim, H; Toyokawa, W; Kameda, T",Evolution And Human Behavior,How Do We Decide When (Not) To Free-Ride? Risk Tolerance Predicts Behavioral Plasticity In Cooperation,10.1016/j.evolhumbehav.2018.08.001
humans,,,,,,n,,,sci-hub.st/http://dx.doi.org/10.1016/j.evolhumbehav.2019.05.004,http://dx.doi.org/10.1016/j.evolhumbehav.2019.05.004,2019,"Kuroda, K; Kameda, T",Evolution And Human Behavior,"You Watch My Back, I'Ll Watch Yours: Emergence Of Collective Risk Monitoring Through Tacit Coordination In Human Social Foraging",10.1016/j.evolhumbehav.2019.05.004
,,,,,,n,,,sci-hub.st/http://dx.doi.org/10.1515/jisys-2017-0042,http://dx.doi.org/10.1515/jisys-2017-0042,2019,"Taj, N; Basu, A",Journal Of Intelligent Systems,Hybridization Of Genetic And Group Search Optimization Algorithm For Deadline- Constrained Task Scheduling Approach,10.1515/jisys-2017-0042
,,,,,,n,,,sci-hub.st/http://dx.doi.org/10.1016/j.jtbi.2019.04.013,http://dx.doi.org/10.1016/j.jtbi.2019.04.013,2019,"Kobayashi, Y; Wakano, JY; Ohtsuki, H",Journal Of Theoretical Biology,Evolution Of Cumulative Culture For Niche Construction,10.1016/j.jtbi.2019.04.013
,,,,,,n,,,https://sci-hub.st/10.1007/s00227-019-3609-y,,2019,"Plum, C., Hillebrand, H.",Marine Biology,Multiple Zooplankton Species Alter The Stoichiometric Interactions Between Producer And Consumer Levels,10.1007/s00227-019-3609-y
,,,,,,n,,,sci-hub.st/http://dx.doi.org/10.1109/ISPA-BDCloud-SocialCom-SustainCom51426.2020.00093,http://dx.doi.org/10.1109/ISPA-BDCloud-SocialCom-SustainCom51426.2020.00093,2020,"Song, W; Liu, S; Wang, XC; Wu, WG","2020 Ieee Intl Symp On Parallel & Distributed Processing With Applications, Intl Conf On Big Data & Cloud Computing, Intl Symp Social Computing & Networking, Intl Conf On Sustainable Computing & Communications (Ispa/Bdcloud/Socialcom/Sustaincom 2020)",An Improved Sparrow Search Algorithm,10.1109/ISPA-BDCloud-SocialCom-SustainCom51426.2020.00093
"plasticity, learning",,,,,Bengalese finches,,,,sci-hub.st/http://dx.doi.org/10.1016/j.anbehav.2019.11.011,http://dx.doi.org/10.1016/j.anbehav.2019.11.011,2020,"Dagues, MB; Hall, CL; Giraldeau, LA",Animal Behaviour,Individual Differences In Learning Ability Are Negatively Linked To Behavioural Plasticity In A Frequency-Dependent Game,10.1016/j.anbehav.2019.11.011
,,,,,,n,,,sci-hub.st/http://dx.doi.org/10.1016/j.anbehav.2020.08.018,http://dx.doi.org/10.1016/j.anbehav.2020.08.018,2020,"Steinegger, M; Sarhan, H; Bshary, R",Animal Behaviour,"Laboratory Experiments Reveal Effects Of Group Size On Hunting Performance In Yellow Saddle Goatfish, Parupeneus Cyclostomus",10.1016/j.anbehav.2020.08.018
,,,,,,n,,,sci-hub.st/http://dx.doi.org/10.1016/j.apenergy.2020.114507,http://dx.doi.org/10.1016/j.apenergy.2020.114507,2020,"Zhang, X; Chan, KW; Wang, HZ; Zhou, B; Wang, GB; Qiu, J",Applied Energy,Multiple Group Search Optimization Based On Decomposition For Multi-Objective Dispatch With Electric Vehicle And Wind Power Uncertainties,10.1016/j.apenergy.2020.114507
"finder's share, spatial position",,,,,ring-tailed coatis,,,,sci-hub.st/http://dx.doi.org/10.1093/beheco/arz181,http://dx.doi.org/10.1093/beheco/arz181,2020,"Hirsch, BT; Malpass, E; Di Blanco, YE",Behavioral Ecology,Interindividual Spacing Affects The Finder'S Share In Ring-Tailed Coatis (Nasua Nasua),10.1093/beheco/arz181
plasticity,,,,,zebra finches,,,,sci-hub.st/http://dx.doi.org/10.1007/s00265-020-02886-1,http://dx.doi.org/10.1007/s00265-020-02886-1,2020,"Barou-Dagues, M; Richard-Dionne, E; Dubois, F",Behavioral Ecology And Sociobiology,Do Female Zebra Finches Prefer Males Exhibiting Greater Plasticity In Foraging Tactic Use?,10.1007/s00265-020-02886-1
,,,,,,n,,,sci-hub.st/http://dx.doi.org/10.1163/1568539X-bja10047,http://dx.doi.org/10.1163/1568539X-bja10047,2020,"Wright, GS; Wilkinson, GS; Moss, CF",Behaviour,"Social Facilitation In Short-Tailed Fruit Bats, Carollia Perspicillata (Linnaeus)",10.1163/1568539X-bja10047
"scale, population, finder's share",,,,,,,,,sci-hub.st/http://dx.doi.org/10.1002/ece3.6111,http://dx.doi.org/10.1002/ece3.6111,2020,"Vickery, WL",Ecology And Evolution,Producing And Scrounging Can Have Stabilizing Effects At Multiple Levels Of Organization,10.1002/ece3.6111
"simultaneous opportunities, clumpiness, predation risk",y,,,y,,y,,,sci-hub.st/http://dx.doi.org/10.1002/ece3.6201,http://dx.doi.org/10.1002/ece3.6201,2020,"Dubois, F; Richard-Dionne, E",Ecology And Evolution,Consequences Of Multiple Simultaneous Opportunities To Exploit Others' Efforts On Free Riding,10.1002/ece3.6201
,,,,,,n,,,sci-hub.st/http://dx.doi.org/10.1109/ACCESS.2020.3028934,http://dx.doi.org/10.1109/ACCESS.2020.3028934,2020,"Li, LJ; Chen, YD; Liu, HL; Tang, WB; Liu, MN; Wu, J; Li, ZY",Ieee Access,A Multi-Producer Group-Search-Optimization Method-Based Maximum-Power-Point-Tracking For Uniform And Partial Shading Condition,10.1109/ACCESS.2020.3028934
,,,,,,n,,,,,2020,"Cao, XR",Mathematical Models & Methods In Applied Sciences,Global Radial Renormalized Solution To A Producer -----Scrounger Model With Singular Sensitivities,10.1112/S0218202520400084
,,,,,,n,,,,,2020,"Cao, X.",Mathematical Models And Methods In Applied Sciences,Global Radial Renormalized Solution To A Producer-Scrounger Model With Singular Sensitivities,10.1142/S0218202520400084
"strategies, sex, dominance",,,,,yellow-bellied marmots,,,,sci-hub.st/http://dx.doi.org/10.1016/j.anbehav.2020.11.018,http://dx.doi.org/10.1016/j.anbehav.2020.11.018,2021,"Evans, AW; Williams, DM; Blumstein, DT",Animal Behaviour,Producer-Scrounger Relationships In Yellow-Bellied Marmots,10.1016/j.anbehav.2020.11.018
"spatial position, dominance",,,,,vervet monkeys,,,,sci-hub.st/http://dx.doi.org/10.1016/j.anbehav.2021.03.010,http://dx.doi.org/10.1016/j.anbehav.2021.03.010,2021,"Li, MF; Arseneau-Robar, TJM; Smeltzer, EA; Teichroeb, JA",Animal Behaviour,"Be Early Or Be Tolerated: Vervet Monkey, Chlorocebus Pygerythrus, Foraging Strategies In A Dispersed Resource",10.1016/j.anbehav.2021.03.010
"group size, outcome feedback",,,,,Wistar rats,,,,sci-hub.st/http://dx.doi.org/10.1016/j.beproc.2020.104280,http://dx.doi.org/10.1016/j.beproc.2020.104280,2021,"Alfaro, L; Cabrera, R",Behavioural Processes,Effect Of Group Size On Producer-Scrounger Strategies Of Wistar Rats,10.1016/j.beproc.2020.104280
assumptions,,,,,,y,,,sci-hub.st/http://dx.doi.org/10.1016/j.beproc.2021.104488,http://dx.doi.org/10.1016/j.beproc.2021.104488,2021,"Alfaro, L; Cabrera, R",Behavioural Processes,Can The Setup Of A Patch Modulate Finder'S Advantage?,10.1016/j.beproc.2021.104488
,,,,,,n,,,sci-hub.st/http://dx.doi.org/10.1109/ACCESS.2021.3128433,http://dx.doi.org/10.1109/ACCESS.2021.3128433,2021,"Wu, CY; Fu, XS; Pei, JK; Dong, ZG",Ieee Access,A Novel Sparrow Search Algorithm For The Traveling Salesman Problem,10.1109/ACCESS.2021.3128433
"cognition, learning",,,,,"great tits, blue tits",,,,sci-hub.st/http://dx.doi.org/10.1111/1365-2656.13551,http://dx.doi.org/10.1111/1365-2656.13551,2021,"Reichert, MS; Morand-Ferron, J; Kulahci, IG; Firth, JA; Davidson, GL; Crofts, SJ; Quinn, JL",Journal Of Animal Ecology,Cognition And Covariance In The Producer-Scrounger Game,10.1111/1365-2656.13551
,,,,,,n,,,https://besjournals.onlinelibrary.wiley.com/doi/10.1111/1365-2656.13602,http://dx.doi.org/10.1111/1365-2656.13602,2021,"Vernouillet, A",Journal Of Animal Ecology,On The Importance Of Accounting For Alternative Foraging Tactics When Assessing Cognitive Performance In Wild Animals,10.1111/1365-2656.13602
,,,,,,n,,,,,2021,"Buñuel, X., Alcoverro, T., Romero, J., Arthur, R., Ruiz, J.M., Pérez, M., Ontoria, Y., Raventós, N., Macpherson, E., Torrado, H., Pagès, J.F.",Marine Environmental Research,Warming Intensifies The Interaction Between The Temperate Seagrass Posidonia Oceanica And Its Dominant Fish Herbivore Sarpa Salpa,10.1016/j.marenvres.2020.105237
,,,,,,n,,,sci-hub.st/http://dx.doi.org/10.1016/j.nonrwa.2020.103189,http://dx.doi.org/10.1016/j.nonrwa.2020.103189,2021,"Cao, XR; Tao, YS",Nonlinear Analysis-Real World Applications,Boundedness And Stabilization Enforced By Mild Saturation Of Taxis In A Producer-Scrounger Model,10.1016/j.nonrwa.2020.103189
humans,,,,,,n,,,,http://dx.doi.org/10.1098/rspb.2021.1414,2021,"Hertz, U; Bell, V; Raihani, N",Proceedings Of The Royal Society B-Biological Sciences,Trusting And Learning From Others: Immediate And Long-Term Effects Of Learning From Observation And Advice,10.1098/rspb.2021.1414
finder's share,,,,,black-tufted marmosets,,,,,http://dx.doi.org/10.1016/j.anbehav.2021.11.003,2022,"Sacramento, TS; Bicca-Marques, JC",Animal Behaviour,Scrounging Marmosets Eat More When The Finder'S Share Is Low Without Changing Their Searching Effort,10.1016/j.anbehav.2021.11.003
,,,,,,n,,,sci-hub.st/http://dx.doi.org/10.1016/j.asoc.2022.109777,http://dx.doi.org/10.1016/j.asoc.2022.109777,2022,"Hong, JL; Shen, B; Xue, JK; Pan, AQ",Applied Soft Computing,A Vector-Encirclement-Model-Based Sparrow Search Algorithm For Engineering Optimization And Numerical Optimization Problems,10.1016/j.asoc.2022.109777
,,,,,,n,,,,,2022,"Wang, Z., Huang, X., Zhu, D.",Computational Intelligence And Neuroscience,A Multistrategy-Integrated Learning Sparrow Search Algorithm And Optimization Of Engineering Problems,10.1155/2022/2475460
,,,,,,n,,,sci-hub.st/http://dx.doi.org/10.3389/fphy.2022.912606,http://dx.doi.org/10.3389/fphy.2022.912606,2022,"Xiong, Q; Shen, J; Tong, B; Xiong, Y",Frontiers In Physics,Parameter Identification For Memristive Chaotic System Using Modified Sparrow Search Algorithm,10.3389/fphy.2022.912606
,,,,,,n,,,,,2022,"Laranjeira, C., Pereira, F., Querido, A., Bieri, M., Verloo, H.",International Journal Of Environmental Research And Public Health,Contributing Factors Of Presenteeism Among Portuguese And Swiss Nurses: A Qualitative Study Using Focus Groups,10.3390/ijerph19148844
,,,,,,n,,,sci-hub.st/http://dx.doi.org/10.1155/2022/8799429,http://dx.doi.org/10.1155/2022/8799429,2022,"Chen, G; Zhu, DL; Wang, X; Zhou, CJ; Chen, XY",Journal Of Function Spaces,Prediction Of Concrete Compressive Strength Based On The Bp Neural Network Optimized By Random Forest And Issa,10.1155/2022/8799429
"Levy walks, learning",,,,y,,,,,https://smaldino.com/wp/wp-content/uploads/2022/05/GargEtAl2022-Individual-exploration-and-selective-sociallearning.pdf,http://dx.doi.org/10.1098/rsif.2021.0915,2022,"Garg, K; Kello, CT; Smaldino, PE",Journal Of The Royal Society Interface,Individual Exploration And Selective Social Learning: Balancing Exploration-Exploitation Trade-Offs In Collective Foraging,10.1098/rsif.2021.0915
,,,,,,n,,,,http://dx.doi.org/10.1016/j.optlastec.2022.108529,2022,"Duan, MG; Yang, ZG; Zhao, Y; Fang, LJ; Zuo, HY; Li, ZS; Wang, DQ",Optics And Laser Technology,Wavefront Shaping Using Improved Sparrow Search Algorithm To Control The Scattering Light Field,10.1016/j.optlastec.2022.108529
,,,,,,n,,,sci-hub.st/http://dx.doi.org/10.1098/rstb.2021.0136,http://dx.doi.org/10.1098/rstb.2021.0136,2022,"Mullon, C; Lehmann, L",Philosophical Transactions Of The Royal Society B-Biological Sciences,Evolution Of Warfare By Resource Raiding Favours Polymorphism In Belligerence And Bravery,10.1098/rstb.2021.0136
,,,,,,n,,,,,2022,"Yan, Z., Luo, W., Yu, L., Zhang, D., Wang, B., Li, Q.","Proceedings - 2022 37Th Youth Academic Annual Conference Of Chinese Association Of Automation, Yac 2022",A Mobile Robot Path Planning Based On Modified Sparrow Search Algorithm,10.1109/YAC57282.2022.10023547
,,,,,,n,,,,,2022,"Wang, H., Qiu, S., Mi, H., Li, A.",Proceedings Of Spie - The International Society For Optical Engineering,Improved Sparrow Search Algorithm Combining Adaptive Mutation And Proportion Adjustment Strategy,10.1117/12.2636425
learning,,,,y,,,,,https://royalsocietypublishing.org/doi/epdf/10.1098/rspb.2022.0954,http://dx.doi.org/10.1098/rspb.2022.0954,2022,"Leimar, O; Dall, SRX; Houston, AI; McNamara, JM",Proceedings Of The Royal Society B-Biological Sciences,Behavioural Specialization And Learning In Social Networks,10.1098/rspb.2022.0954
,,,,,,n,,,,,2023,"Xue, Z., Yu, J., Zhao, A., Zong, Y., Yang, S., Wang, M.",Journal Of Building Engineering,Optimal Chiller Loading By Improved Sparrow Search Algorithm For Saving Energy Consumption,10.1016/j.jobe.2023.105980
